"Sitemap URL","Type","Last processed","Status","URLs discovered"
"https://themegaradio.com/sitemap-stations-so-14.xml","Sitemap","4/28/2026","Error","0"
"https://themegaradio.com/sitemap-stations-so-19.xml","Sitemap","4/28/2026","Warning","0"
"https://themegaradio.com/sitemap-stations-so-18.xml","Sitemap","4/28/2026","Warning","0"
"https://themegaradio.com/sitemap-stations-so-25.xml","Sitemap","4/28/2026","Warning","0"
"https://themegaradio.com/sitemap-stations-gu-51.xml","Sitemap","4/27/2026","Warning","0"
"https://themegaradio.com/sitemap-stations-ml-39.xml","Sitemap","4/28/2026","Warning","0"
"https://themegaradio.com/sitemap-stations-ml-46.xml","Sitemap","4/28/2026","Warning","0"
"https://themegaradio.com/sitemap-stations-te-43.xml","Sitemap","4/27/2026","Warning","0"
"https://themegaradio.com/sitemap-stations-te-51.xml","Sitemap","4/28/2026","Warning","0"
"https://themegaradio.com/sitemap-stations-pt-51.xml","Sitemap","4/27/2026","Warning","0"
"https://themegaradio.com/sitemap-stations-et-32.xml","Sitemap","4/28/2026","Warning","0"
"https://themegaradio.com/sitemap-stations-pa-3.xml","Sitemap","4/28/2026","Warning","0"
"https://themegaradio.com/sitemap-stations-el-18.xml","Sitemap","4/28/2026","Error","0"
"https://themegaradio.com/sitemap-stations-gu-44.xml","Sitemap","4/27/2026","Warning","0"
"https://themegaradio.com/sitemap-stations-bn-52.xml","Sitemap","4/27/2026","Warning","0"
"https://themegaradio.com/sitemap-stations-sv-51.xml","Sitemap","4/28/2026","Warning","0"
"https://themegaradio.com/sitemap-stations-da-50.xml","Sitemap","4/27/2026","Warning","0"
"https://themegaradio.com/sitemap-stations-el-48.xml","Sitemap","4/28/2026","Warning","0"
"https://themegaradio.com/sitemap-stations-lt-17.xml","Sitemap","4/27/2026","Warning","0"
"https://themegaradio.com/sitemap-stations-tr-50.xml","Sitemap","4/28/2026","Warning","0"
"https://themegaradio.com/sitemap-stations-hy-47.xml","Sitemap","4/28/2026","Warning","0"
"https://themegaradio.com/sitemap-stations-et-26.xml","Sitemap","4/28/2026","Warning","0"
"https://themegaradio.com/sitemap-stations-pa-27.xml","Sitemap","4/28/2026","Warning","0"
"https://themegaradio.com/sitemap-stations-kn-47.xml","Sitemap","4/28/2026","Warning","0"
"https://themegaradio.com/sitemap-stations-fr-50.xml","Sitemap","4/28/2026","Warning","0"
"https://themegaradio.com/sitemap-stations-de-46.xml","Sitemap","4/28/2026","Warning","0"
"https://themegaradio.com/sitemap-stations-tr-52.xml","Sitemap","4/28/2026","Warning","0"
"https://themegaradio.com/sitemap-stations-fi-37.xml","Sitemap","4/28/2026","Error","0"
"https://themegaradio.com/sitemap-stations-pa-1.xml","Sitemap","4/28/2026","Warning","0"
"https://themegaradio.com/sitemap-stations-ko-7.xml","Sitemap","4/28/2026","Error","0"
"https://themegaradio.com/sitemap-stations-hu-47.xml","Sitemap","4/28/2026","Warning","0"
"https://themegaradio.com/sitemap-stations-he-50.xml","Sitemap","4/28/2026","Warning","0"
"https://themegaradio.com/sitemap-stations-cs-16.xml","Sitemap","4/28/2026","Error","0"
"https://themegaradio.com/sitemap-stations-az-20.xml","Sitemap","4/28/2026","Warning","0"
"https://themegaradio.com/sitemap-stations-cs-43.xml","Sitemap","4/28/2026","Warning","0"
"https://themegaradio.com/sitemap-stations-hy-42.xml","Sitemap","4/28/2026","Warning","0"
"https://themegaradio.com/sitemap-stations-el-46.xml","Sitemap","4/28/2026","Warning","0"
"https://themegaradio.com/sitemap-stations-pl-46.xml","Sitemap","4/28/2026","Warning","0"
"https://themegaradio.com/sitemap-stations-id-43.xml","Sitemap","4/28/2026","Warning","0"
"https://themegaradio.com/sitemap-stations-no-51.xml","Sitemap","4/28/2026","Warning","0"
"https://themegaradio.com/sitemap-stations-mr-45.xml","Sitemap","4/28/2026","Warning","0"
"https://themegaradio.com/sitemap-stations-hi-42.xml","Sitemap","4/28/2026","Error","0"
"https://themegaradio.com/sitemap-stations-bg-51.xml","Sitemap","4/28/2026","Warning","0"
"https://themegaradio.com/sitemap-stations-pa-33.xml","Sitemap","4/28/2026","Warning","0"
"https://themegaradio.com/sitemap-stations-am-34.xml","Sitemap","4/27/2026","Warning","0"
"https://themegaradio.com/sitemap-stations-sk-16.xml","Sitemap","4/28/2026","Warning","0"
"https://themegaradio.com/sitemap-stations-fi-4.xml","Sitemap","4/28/2026","Warning","0"
"https://themegaradio.com/sitemap-stations-hy-32.xml","Sitemap","4/28/2026","Warning","0"
"https://themegaradio.com/sitemap-stations-ms-41.xml","Sitemap","4/28/2026","Warning","0"
"https://themegaradio.com/sitemap-stations-fi-51.xml","Sitemap","4/28/2026","Warning","0"
"https://themegaradio.com/sitemap-stations-so-21.xml","Sitemap","4/28/2026","Warning","0"
"https://themegaradio.com/sitemap-stations-fi-50.xml","Sitemap","4/28/2026","Warning","0"
"https://themegaradio.com/sitemap-stations-bg-37.xml","Sitemap","4/28/2026","Error","0"
"https://themegaradio.com/sitemap-stations-hy-23.xml","Sitemap","4/28/2026","Warning","0"
"https://themegaradio.com/sitemap-stations-kn-51.xml","Sitemap","4/28/2026","Error","0"
"https://themegaradio.com/sitemap-stations-hu-49.xml","Sitemap","4/28/2026","Warning","0"
"https://themegaradio.com/sitemap-stations-pt-46.xml","Sitemap","4/28/2026","Warning","0"
"https://themegaradio.com/sitemap-stations-sq-37.xml","Sitemap","4/28/2026","Warning","0"
"https://themegaradio.com/sitemap-stations-es-48.xml","Sitemap","4/28/2026","Warning","0"
"https://themegaradio.com/sitemap-stations-it-51.xml","Sitemap","4/28/2026","Warning","0"
"https://themegaradio.com/sitemap-stations-ml-45.xml","Sitemap","4/27/2026","Warning","0"
"https://themegaradio.com/sitemap-stations-da-51.xml","Sitemap","4/27/2026","Warning","0"
"https://themegaradio.com/sitemap-stations-et-41.xml","Sitemap","4/28/2026","Warning","0"
"https://themegaradio.com/sitemap-stations-hy-1.xml","Sitemap","4/28/2026","Warning","0"
"https://themegaradio.com/sitemap-stations-ta-47.xml","Sitemap","4/28/2026","Warning","0"
"https://themegaradio.com/sitemap-stations-vi-38.xml","Sitemap","4/27/2026","Warning","0"
"https://themegaradio.com/sitemap-stations-hi-47.xml","Sitemap","4/28/2026","Warning","0"
"https://themegaradio.com/sitemap-stations-bn-37.xml","Sitemap","4/28/2026","Warning","0"
"https://themegaradio.com/sitemap-stations-zh-44.xml","Sitemap","4/28/2026","Warning","0"
"https://themegaradio.com/sitemap-stations-pl-48.xml","Sitemap","4/28/2026","Warning","0"
"https://themegaradio.com/sitemap-stations-de-45.xml","Sitemap","4/27/2026","Warning","0"
"https://themegaradio.com/sitemap-stations-kn-49.xml","Sitemap","4/28/2026","Error","0"
"https://themegaradio.com/sitemap-stations-he-20.xml","Sitemap","4/28/2026","Warning","0"
"https://themegaradio.com/sitemap-stations-sk-48.xml","Sitemap","4/28/2026","Warning","0"
"https://themegaradio.com/sitemap-stations-am-17.xml","Sitemap","4/28/2026","Warning","0"
"https://themegaradio.com/sitemap-stations-lt-16.xml","Sitemap","4/27/2026","Warning","0"
"https://themegaradio.com/sitemap-stations-vi-50.xml","Sitemap","4/28/2026","Warning","0"
"https://themegaradio.com/sitemap-stations-am-24.xml","Sitemap","4/28/2026","Warning","0"
"https://themegaradio.com/sitemap-stations-mr-40.xml","Sitemap","4/28/2026","Warning","0"
"https://themegaradio.com/sitemap-stations-cs-46.xml","Sitemap","4/28/2026","Warning","0"
"https://themegaradio.com/sitemap-stations-en-45.xml","Sitemap","4/28/2026","Warning","0"
"https://themegaradio.com/sitemap-stations-az-24.xml","Sitemap","4/27/2026","Warning","0"
"https://themegaradio.com/sitemap-stations-id-52.xml","Sitemap","4/28/2026","Warning","0"
"https://themegaradio.com/sitemap-stations-sv-20.xml","Sitemap","4/28/2026","Error","0"
"https://themegaradio.com/sitemap-stations-am-23.xml","Sitemap","4/28/2026","Warning","0"
"https://themegaradio.com/sitemap-stations-am-40.xml","Sitemap","4/28/2026","Warning","0"
"https://themegaradio.com/sitemap-stations-bg-40.xml","Sitemap","4/28/2026","Warning","0"
"https://themegaradio.com/sitemap-stations-de-49.xml","Sitemap","4/28/2026","Warning","0"
"https://themegaradio.com/sitemap-stations-ur-39.xml","Sitemap","4/28/2026","Warning","0"
"https://themegaradio.com/sitemap-stations-en-49.xml","Sitemap","4/28/2026","Warning","0"
"https://themegaradio.com/sitemap-stations-ta-45.xml","Sitemap","4/28/2026","Warning","0"
"https://themegaradio.com/sitemap-stations-sv-45.xml","Sitemap","4/28/2026","Warning","0"
"https://themegaradio.com/sitemap-stations-et-42.xml","Sitemap","4/28/2026","Warning","0"
"https://themegaradio.com/sitemap-stations-pl-51.xml","Sitemap","4/28/2026","Warning","0"
"https://themegaradio.com/sitemap-stations-hy-19.xml","Sitemap","4/28/2026","Warning","0"
"https://themegaradio.com/sitemap-stations-sr-50.xml","Sitemap","4/28/2026","Warning","0"
"https://themegaradio.com/sitemap-stations-fi-29.xml","Sitemap","4/28/2026","Warning","0"
"https://themegaradio.com/sitemap-stations-lv-47.xml","Sitemap","4/28/2026","Warning","0"
"https://themegaradio.com/sitemap-stations-lv-30.xml","Sitemap","4/28/2026","Warning","0"
"https://themegaradio.com/sitemap-stations-pa-7.xml","Sitemap","4/28/2026","Warning","0"
"https://themegaradio.com/sitemap-stations-hi-46.xml","Sitemap","4/28/2026","Warning","0"
"https://themegaradio.com/sitemap-stations-pa-12.xml","Sitemap","4/28/2026","Warning","0"
"https://themegaradio.com/sitemap-stations-da-47.xml","Sitemap","4/27/2026","Warning","0"
"https://themegaradio.com/sitemap-stations-az-44.xml","Sitemap","4/28/2026","Warning","0"
"https://themegaradio.com/sitemap-stations-fi-8.xml","Sitemap","4/28/2026","Warning","0"
"https://themegaradio.com/sitemap-stations-ms-52.xml","Sitemap","4/28/2026","Warning","0"
"https://themegaradio.com/sitemap-genres-sl.xml","Sitemap","4/28/2026","Error","0"
"https://themegaradio.com/sitemap-stations-el-20.xml","Sitemap","4/28/2026","Error","0"
"https://themegaradio.com/sitemap-stations-pl-45.xml","Sitemap","4/28/2026","Warning","0"
"https://themegaradio.com/sitemap-stations-ms-50.xml","Sitemap","4/28/2026","Warning","0"
"https://themegaradio.com/sitemap-stations-te-45.xml","Sitemap","4/27/2026","Warning","0"
"https://themegaradio.com/sitemap-stations-ru-48.xml","Sitemap","4/28/2026","Warning","0"
"https://themegaradio.com/sitemap-stations-ms-39.xml","Sitemap","4/28/2026","Warning","0"
"https://themegaradio.com/sitemap-stations-am-25.xml","Sitemap","4/28/2026","Warning","0"
"https://themegaradio.com/sitemap-stations-sv-46.xml","Sitemap","4/28/2026","Warning","0"
"https://themegaradio.com/sitemap-stations-sq-41.xml","Sitemap","4/28/2026","Warning","0"
"https://themegaradio.com/sitemap-stations-az-35.xml","Sitemap","4/28/2026","Warning","0"
"https://themegaradio.com/sitemap-stations-sw-50.xml","Sitemap","4/28/2026","Warning","0"
"https://themegaradio.com/sitemap-stations-sk-52.xml","Sitemap","4/28/2026","Warning","0"
"https://themegaradio.com/sitemap-stations-bg-46.xml","Sitemap","4/28/2026","Warning","0"
"https://themegaradio.com/sitemap-stations-ta-37.xml","Sitemap","4/28/2026","Warning","0"
"https://themegaradio.com/sitemap-stations-pa-21.xml","Sitemap","4/28/2026","Warning","0"
"https://themegaradio.com/sitemap-stations-id-44.xml","Sitemap","4/28/2026","Warning","0"
"https://themegaradio.com/sitemap-stations-ms-47.xml","Sitemap","4/28/2026","Warning","0"
"https://themegaradio.com/sitemap-stations-cs-37.xml","Sitemap","4/28/2026","Error","0"
"https://themegaradio.com/sitemap-stations-sw-40.xml","Sitemap","4/28/2026","Warning","0"
"https://themegaradio.com/sitemap-stations-ml-51.xml","Sitemap","4/28/2026","Warning","0"
"https://themegaradio.com/sitemap-stations-ml-35.xml","Sitemap","4/27/2026","Warning","0"
"https://themegaradio.com/sitemap-stations-nl-48.xml","Sitemap","4/28/2026","Warning","0"
"https://themegaradio.com/sitemap-stations-ko-39.xml","Sitemap","4/28/2026","Warning","0"
"https://themegaradio.com/sitemap-stations-sl-42.xml","Sitemap","4/28/2026","Warning","0"
"https://themegaradio.com/sitemap-stations-gu-46.xml","Sitemap","4/27/2026","Error","0"
"https://themegaradio.com/sitemap-stations-hy-27.xml","Sitemap","4/28/2026","Warning","0"
"https://themegaradio.com/sitemap-stations-ar-46.xml","Sitemap","4/28/2026","Warning","0"
"https://themegaradio.com/sitemap-stations-kn-29.xml","Sitemap","4/28/2026","Error","0"
"https://themegaradio.com/sitemap-stations-fr-49.xml","Sitemap","4/28/2026","Warning","0"
"https://themegaradio.com/sitemap-stations-et-28.xml","Sitemap","4/28/2026","Warning","0"
"https://themegaradio.com/sitemap-stations-pa-49.xml","Sitemap","4/28/2026","Warning","0"
"https://themegaradio.com/sitemap-stations-tr-46.xml","Sitemap","4/28/2026","Warning","0"
"https://themegaradio.com/sitemap-stations-pl-52.xml","Sitemap","4/28/2026","Warning","0"
"https://themegaradio.com/sitemap-stations-it-5.xml","Sitemap","4/28/2026","Error","0"
"https://themegaradio.com/sitemap-stations-de-48.xml","Sitemap","4/27/2026","Warning","0"
"https://themegaradio.com/sitemap-stations-vi-40.xml","Sitemap","4/27/2026","Warning","0"
"https://themegaradio.com/sitemap-stations-da-46.xml","Sitemap","4/27/2026","Warning","0"
"https://themegaradio.com/sitemap-stations-am-22.xml","Sitemap","4/28/2026","Error","0"
"https://themegaradio.com/sitemap-stations-bn-44.xml","Sitemap","4/28/2026","Warning","0"
"https://themegaradio.com/sitemap-stations-hy-20.xml","Sitemap","4/28/2026","Warning","0"
"https://themegaradio.com/sitemap-stations-am-20.xml","Sitemap","4/28/2026","Warning","0"
"https://themegaradio.com/sitemap-stations-ur-44.xml","Sitemap","4/28/2026","Warning","0"
"https://themegaradio.com/sitemap-stations-nl-5.xml","Sitemap","4/27/2026","Error","0"
"https://themegaradio.com/sitemap-stations-id-45.xml","Sitemap","4/28/2026","Warning","0"
"https://themegaradio.com/sitemap-stations-vi-44.xml","Sitemap","4/27/2026","Warning","0"
"https://themegaradio.com/sitemap-stations-de-7.xml","Sitemap","4/27/2026","Error","0"
"https://themegaradio.com/sitemap-stations-sw-33.xml","Sitemap","4/28/2026","Warning","0"
"https://themegaradio.com/sitemap-stations-so-20.xml","Sitemap","4/28/2026","Warning","0"
"https://themegaradio.com/sitemap-stations-sq-26.xml","Sitemap","4/28/2026","Warning","0"
"https://themegaradio.com/sitemap-stations-az-33.xml","Sitemap","4/28/2026","Warning","0"
"https://themegaradio.com/sitemap-stations-et-1.xml","Sitemap","4/28/2026","Warning","0"
"https://themegaradio.com/sitemap-stations-ru-46.xml","Sitemap","4/28/2026","Warning","0"
"https://themegaradio.com/sitemap-stations-so-4.xml","Sitemap","4/28/2026","Warning","0"
"https://themegaradio.com/sitemap-stations-et-44.xml","Sitemap","4/28/2026","Warning","0"
"https://themegaradio.com/sitemap-stations-am-43.xml","Sitemap","4/28/2026","Warning","0"
"https://themegaradio.com/sitemap-stations-ta-51.xml","Sitemap","4/28/2026","Warning","0"
"https://themegaradio.com/sitemap-stations-pa-52.xml","Sitemap","4/28/2026","Warning","0"
"https://themegaradio.com/sitemap-stations-gu-41.xml","Sitemap","4/28/2026","Warning","0"
"https://themegaradio.com/sitemap-stations-hy-41.xml","Sitemap","4/28/2026","Warning","0"
"https://themegaradio.com/sitemap-stations-kn-50.xml","Sitemap","4/28/2026","Warning","0"
"https://themegaradio.com/sitemap-stations-he-45.xml","Sitemap","4/28/2026","Warning","0"
"https://themegaradio.com/sitemap-stations-lv-33.xml","Sitemap","4/28/2026","Warning","0"
"https://themegaradio.com/sitemap-stations-id-42.xml","Sitemap","4/28/2026","Warning","0"
"https://themegaradio.com/sitemap-stations-es-45.xml","Sitemap","4/28/2026","Warning","0"
"https://themegaradio.com/sitemap-main-el.xml","Sitemap","4/28/2026","Error","0"
"https://themegaradio.com/sitemap-stations-pl-49.xml","Sitemap","4/28/2026","Warning","0"
"https://themegaradio.com/sitemap-stations-vi-17.xml","Sitemap","4/27/2026","Warning","0"
"https://themegaradio.com/sitemap-stations-sv-50.xml","Sitemap","4/28/2026","Warning","0"
"https://themegaradio.com/sitemap-stations-fi-44.xml","Sitemap","4/28/2026","Warning","0"
"https://themegaradio.com/sitemap-stations-et-8.xml","Sitemap","4/28/2026","Warning","0"
"https://themegaradio.com/sitemap-stations-zh-43.xml","Sitemap","4/28/2026","Warning","0"
"https://themegaradio.com/sitemap-stations-no-1.xml","Sitemap","4/28/2026","Warning","0"
"https://themegaradio.com/sitemap-stations-ms-46.xml","Sitemap","4/28/2026","Warning","0"
"https://themegaradio.com/sitemap-stations-pa-4.xml","Sitemap","4/28/2026","Warning","0"
"https://themegaradio.com/sitemap-stations-et-47.xml","Sitemap","4/28/2026","Warning","0"
"https://themegaradio.com/sitemap-stations-hy-34.xml","Sitemap","4/28/2026","Warning","0"
"https://themegaradio.com/sitemap-stations-en-47.xml","Sitemap","4/28/2026","Warning","0"
"https://themegaradio.com/sitemap-stations-no-43.xml","Sitemap","4/28/2026","Warning","0"
"https://themegaradio.com/sitemap-stations-pa-34.xml","Sitemap","4/28/2026","Warning","0"
"https://themegaradio.com/sitemap-stations-ta-43.xml","Sitemap","4/28/2026","Warning","0"
"https://themegaradio.com/sitemap-stations-am-12.xml","Sitemap","4/28/2026","Warning","0"
"https://themegaradio.com/sitemap-stations-et-40.xml","Sitemap","4/28/2026","Warning","0"
"https://themegaradio.com/sitemap-stations-tl-9.xml","Sitemap","4/28/2026","Error","0"
"https://themegaradio.com/sitemap-stations-sq-18.xml","Sitemap","4/28/2026","Warning","0"
"https://themegaradio.com/sitemap-stations-mr-49.xml","Sitemap","4/28/2026","Warning","0"
"https://themegaradio.com/sitemap-stations-es-50.xml","Sitemap","4/28/2026","Warning","0"
"https://themegaradio.com/sitemap-stations-tl-19.xml","Sitemap","4/28/2026","Warning","0"
"https://themegaradio.com/sitemap-stations-te-49.xml","Sitemap","4/27/2026","Warning","0"
"https://themegaradio.com/sitemap-stations-kn-32.xml","Sitemap","4/28/2026","Warning","0"
"https://themegaradio.com/sitemap-stations-az-34.xml","Sitemap","4/28/2026","Warning","0"
"https://themegaradio.com/sitemap-stations-vi-43.xml","Sitemap","4/28/2026","Warning","0"
"https://themegaradio.com/sitemap-stations-ur-45.xml","Sitemap","4/28/2026","Warning","0"
"https://themegaradio.com/sitemap-stations-sl-49.xml","Sitemap","4/27/2026","Warning","0"
"https://themegaradio.com/sitemap-stations-sw-44.xml","Sitemap","4/28/2026","Warning","0"
"https://themegaradio.com/sitemap-stations-am-47.xml","Sitemap","4/28/2026","Warning","0"
"https://themegaradio.com/sitemap-stations-so-46.xml","Sitemap","4/28/2026","Warning","0"
"https://themegaradio.com/sitemap-stations-it-46.xml","Sitemap","4/28/2026","Warning","0"
"https://themegaradio.com/sitemap-stations-mr-44.xml","Sitemap","4/28/2026","Warning","0"
"https://themegaradio.com/sitemap-stations-sw-41.xml","Sitemap","4/28/2026","Warning","0"
"https://themegaradio.com/sitemap-stations-fi-2.xml","Sitemap","4/28/2026","Warning","0"
"https://themegaradio.com/sitemap-stations-kn-34.xml","Sitemap","4/28/2026","Warning","0"
"https://themegaradio.com/sitemap-stations-sw-49.xml","Sitemap","4/28/2026","Warning","0"
"https://themegaradio.com/sitemap-stations-te-48.xml","Sitemap","4/28/2026","Warning","0"
"https://themegaradio.com/sitemap-stations-ur-37.xml","Sitemap","4/28/2026","Warning","0"
"https://themegaradio.com/sitemap-stations-pa-42.xml","Sitemap","4/28/2026","Warning","0"
"https://themegaradio.com/sitemap-stations-el-15.xml","Sitemap","4/28/2026","Error","0"
"https://themegaradio.com/sitemap-stations-lv-19.xml","Sitemap","4/28/2026","Warning","0"
"https://themegaradio.com/sitemap-stations-vi-37.xml","Sitemap","4/28/2026","Warning","0"
"https://themegaradio.com/sitemap-stations-he-51.xml","Sitemap","4/28/2026","Warning","0"
"https://themegaradio.com/sitemap-stations-hy-33.xml","Sitemap","4/28/2026","Warning","0"
"https://themegaradio.com/sitemap-stations-pa-38.xml","Sitemap","4/28/2026","Error","0"
"https://themegaradio.com/sitemap-stations-ms-51.xml","Sitemap","4/28/2026","Warning","0"
"https://themegaradio.com/sitemap-stations-ro-48.xml","Sitemap","4/28/2026","Warning","0"
"https://themegaradio.com/sitemap-stations-sq-34.xml","Sitemap","4/27/2026","Warning","0"
"https://themegaradio.com/sitemap-stations-hr-50.xml","Sitemap","4/28/2026","Warning","0"
"https://themegaradio.com/sitemap-stations-tl-46.xml","Sitemap","4/28/2026","Warning","0"
"https://themegaradio.com/sitemap-stations-az-28.xml","Sitemap","4/28/2026","Warning","0"
"https://themegaradio.com/sitemap-stations-tl-17.xml","Sitemap","4/28/2026","Warning","0"
"https://themegaradio.com/sitemap-stations-so-30.xml","Sitemap","4/27/2026","Warning","0"
"https://themegaradio.com/sitemap-stations-el-51.xml","Sitemap","4/28/2026","Warning","0"
"https://themegaradio.com/sitemap-stations-tl-3.xml","Sitemap","4/28/2026","Warning","0"
"https://themegaradio.com/sitemap-stations-ms-36.xml","Sitemap","4/28/2026","Warning","0"
"https://themegaradio.com/sitemap-stations-az-39.xml","Sitemap","4/28/2026","Error","0"
"https://themegaradio.com/sitemap-stations-bg-47.xml","Sitemap","4/28/2026","Warning","0"
"https://themegaradio.com/sitemap-stations-bn-46.xml","Sitemap","4/28/2026","Warning","0"
"https://themegaradio.com/sitemap-stations-sl-34.xml","Sitemap","4/28/2026","Warning","0"
"https://themegaradio.com/sitemap-stations-kn-27.xml","Sitemap","4/28/2026","Warning","0"
"https://themegaradio.com/sitemap-stations-am-29.xml","Sitemap","4/28/2026","Warning","0"
"https://themegaradio.com/sitemap-stations-sw-30.xml","Sitemap","4/28/2026","Warning","0"
"https://themegaradio.com/sitemap-stations-ko-29.xml","Sitemap","4/28/2026","Error","0"
"https://themegaradio.com/sitemap-stations-sq-40.xml","Sitemap","4/28/2026","Warning","0"
"https://themegaradio.com/sitemap-stations-bn-41.xml","Sitemap","4/28/2026","Warning","0"
"https://themegaradio.com/sitemap-stations-sk-47.xml","Sitemap","4/28/2026","Warning","0"
"https://themegaradio.com/sitemap-stations-te-40.xml","Sitemap","4/28/2026","Warning","0"
"https://themegaradio.com/sitemap-stations-kn-22.xml","Sitemap","4/28/2026","Warning","0"
"https://themegaradio.com/sitemap-stations-so-47.xml","Sitemap","4/28/2026","Warning","0"
"https://themegaradio.com/sitemap-stations-fr-46.xml","Sitemap","4/28/2026","Warning","0"
"https://themegaradio.com/sitemap-stations-lt-21.xml","Sitemap","4/28/2026","Warning","0"
"https://themegaradio.com/sitemap-stations-cs-48.xml","Sitemap","4/28/2026","Warning","0"
"https://themegaradio.com/sitemap-stations-am-52.xml","Sitemap","4/28/2026","Error","0"
"https://themegaradio.com/sitemap-stations-mr-50.xml","Sitemap","4/28/2026","Warning","0"
"https://themegaradio.com/sitemap-stations-id-7.xml","Sitemap","4/28/2026","Error","0"
"https://themegaradio.com/sitemap-stations-et-13.xml","Sitemap","4/28/2026","Warning","0"
"https://themegaradio.com/sitemap-stations-sw-37.xml","Sitemap","4/28/2026","Warning","0"
"https://themegaradio.com/sitemap-stations-so-44.xml","Sitemap","4/27/2026","Warning","0"
"https://themegaradio.com/sitemap-stations-so-33.xml","Sitemap","4/28/2026","Warning","0"
"https://themegaradio.com/sitemap-stations-sq-48.xml","Sitemap","4/28/2026","Warning","0"
"https://themegaradio.com/sitemap-stations-fi-52.xml","Sitemap","4/28/2026","Warning","0"
"https://themegaradio.com/sitemap-stations-uk-47.xml","Sitemap","4/27/2026","Warning","0"
"https://themegaradio.com/sitemap-stations-sk-51.xml","Sitemap","4/28/2026","Warning","0"
"https://themegaradio.com/sitemap-stations-pa-46.xml","Sitemap","4/28/2026","Error","0"
"https://themegaradio.com/sitemap-stations-sw-34.xml","Sitemap","4/28/2026","Warning","0"
"https://themegaradio.com/sitemap-stations-id-51.xml","Sitemap","4/28/2026","Warning","0"
"https://themegaradio.com/sitemap-stations-sr-49.xml","Sitemap","4/28/2026","Warning","0"
"https://themegaradio.com/sitemap-stations-he-48.xml","Sitemap","4/28/2026","Warning","0"
"https://themegaradio.com/sitemap-stations-pa-24.xml","Sitemap","4/28/2026","Warning","0"
"https://themegaradio.com/sitemap-stations-da-45.xml","Sitemap","4/28/2026","Warning","0"
"https://themegaradio.com/sitemap-stations-bn-14.xml","Sitemap","4/28/2026","Error","0"
"https://themegaradio.com/sitemap-stations-hi-51.xml","Sitemap","4/28/2026","Warning","0"
"https://themegaradio.com/sitemap-stations-tl-35.xml","Sitemap","4/28/2026","Warning","0"
"https://themegaradio.com/sitemap-stations-am-50.xml","Sitemap","4/28/2026","Warning","0"
"https://themegaradio.com/sitemap-stations-ur-41.xml","Sitemap","4/28/2026","Warning","0"
"https://themegaradio.com/sitemap-stations-az-43.xml","Sitemap","4/28/2026","Warning","0"
"https://themegaradio.com/sitemap-stations-mr-38.xml","Sitemap","4/28/2026","Warning","0"
"https://themegaradio.com/sitemap-stations-ar-48.xml","Sitemap","4/28/2026","Error","0"
"https://themegaradio.com/sitemap-stations-tl-1.xml","Sitemap","4/28/2026","Warning","0"
"https://themegaradio.com/sitemap-stations-cs-49.xml","Sitemap","4/28/2026","Warning","0"
"https://themegaradio.com/sitemap-stations-fi-48.xml","Sitemap","4/28/2026","Warning","0"
"https://themegaradio.com/sitemap-stations-gu-43.xml","Sitemap","4/28/2026","Warning","0"
"https://themegaradio.com/sitemap-stations-et-46.xml","Sitemap","4/27/2026","Warning","0"
"https://themegaradio.com/sitemap-stations-az-52.xml","Sitemap","4/28/2026","Warning","0"
"https://themegaradio.com/sitemap-stations-tr-47.xml","Sitemap","4/28/2026","Warning","0"
"https://themegaradio.com/sitemap-stations-ko-26.xml","Sitemap","4/28/2026","Warning","0"
"https://themegaradio.com/sitemap-stations-zh-52.xml","Sitemap","4/28/2026","Warning","0"
"https://themegaradio.com/sitemap-stations-tl-10.xml","Sitemap","4/28/2026","Warning","0"
"https://themegaradio.com/sitemap-stations-ro-43.xml","Sitemap","4/28/2026","Warning","0"
"https://themegaradio.com/sitemap-stations-pt-52.xml","Sitemap","4/27/2026","Warning","0"
"https://themegaradio.com/sitemap-stations-ko-25.xml","Sitemap","4/28/2026","Error","0"
"https://themegaradio.com/sitemap-stations-pa-5.xml","Sitemap","4/28/2026","Warning","0"
"https://themegaradio.com/sitemap-stations-pa-47.xml","Sitemap","4/28/2026","Warning","0"
"https://themegaradio.com/sitemap-stations-bn-51.xml","Sitemap","4/28/2026","Warning","0"
"https://themegaradio.com/sitemap-stations-sl-46.xml","Sitemap","4/28/2026","Warning","0"
"https://themegaradio.com/sitemap-stations-bs-44.xml","Sitemap","4/28/2026","Warning","0"
"https://themegaradio.com/sitemap-stations-sq-14.xml","Sitemap","4/28/2026","Warning","0"
"https://themegaradio.com/sitemap-stations-id-38.xml","Sitemap","4/28/2026","Warning","0"
"https://themegaradio.com/sitemap-stations-hu-46.xml","Sitemap","4/28/2026","Warning","0"
"https://themegaradio.com/sitemap-stations-et-21.xml","Sitemap","4/28/2026","Warning","0"
"https://themegaradio.com/sitemap-stations-tl-38.xml","Sitemap","4/28/2026","Warning","0"
"https://themegaradio.com/sitemap-stations-tl-20.xml","Sitemap","4/28/2026","Warning","0"
"https://themegaradio.com/sitemap-stations-he-10.xml","Sitemap","4/28/2026","Error","0"
"https://themegaradio.com/sitemap-stations-et-23.xml","Sitemap","4/28/2026","Warning","0"
"https://themegaradio.com/sitemap-stations-sl-36.xml","Sitemap","4/27/2026","Warning","0"
"https://themegaradio.com/sitemap-stations-ur-49.xml","Sitemap","4/28/2026","Warning","0"
"https://themegaradio.com/sitemap-stations-am-16.xml","Sitemap","4/28/2026","Warning","0"
"https://themegaradio.com/sitemap-stations-am-35.xml","Sitemap","4/28/2026","Warning","0"
"https://themegaradio.com/sitemap-stations-nl-45.xml","Sitemap","4/27/2026","Warning","0"
"https://themegaradio.com/sitemap-stations-az-41.xml","Sitemap","4/28/2026","Warning","0"
"https://themegaradio.com/sitemap-stations-az-45.xml","Sitemap","4/28/2026","Warning","0"
"https://themegaradio.com/sitemap-stations-sq-33.xml","Sitemap","4/28/2026","Warning","0"
"https://themegaradio.com/sitemap-stations-ar-45.xml","Sitemap","4/28/2026","Warning","0"
"https://themegaradio.com/sitemap-stations-lt-39.xml","Sitemap","4/27/2026","Warning","0"
"https://themegaradio.com/sitemap-stations-cs-25.xml","Sitemap","4/28/2026","Error","0"
"https://themegaradio.com/sitemap-stations-sr-48.xml","Sitemap","4/28/2026","Warning","0"
"https://themegaradio.com/sitemap-stations-te-36.xml","Sitemap","4/28/2026","Warning","0"
"https://themegaradio.com/sitemap-stations-sk-40.xml","Sitemap","4/28/2026","Warning","0"
"https://themegaradio.com/sitemap-stations-ko-51.xml","Sitemap","4/28/2026","Warning","0"
"https://themegaradio.com/sitemap-stations-ml-48.xml","Sitemap","4/27/2026","Warning","0"
"https://themegaradio.com/sitemap-stations-bn-42.xml","Sitemap","4/28/2026","Warning","0"
"https://themegaradio.com/sitemap-stations-bg-45.xml","Sitemap","4/28/2026","Warning","0"
"https://themegaradio.com/sitemap-stations-bs-5.xml","Sitemap","4/28/2026","Error","0"
"https://themegaradio.com/sitemap-stations-bn-48.xml","Sitemap","4/27/2026","Warning","0"
"https://themegaradio.com/sitemap-stations-am-21.xml","Sitemap","4/28/2026","Error","0"
"https://themegaradio.com/sitemap-stations-hr-51.xml","Sitemap","4/28/2026","Warning","0"
"https://themegaradio.com/sitemap-stations-az-40.xml","Sitemap","4/28/2026","Warning","0"
"https://themegaradio.com/sitemap-stations-pa-15.xml","Sitemap","4/28/2026","Warning","0"
"https://themegaradio.com/sitemap-stations-nl-49.xml","Sitemap","4/27/2026","Warning","0"
"https://themegaradio.com/sitemap-stations-te-46.xml","Sitemap","4/27/2026","Warning","0"
"https://themegaradio.com/sitemap-stations-id-14.xml","Sitemap","4/28/2026","Error","0"
"https://themegaradio.com/sitemap-stations-sq-17.xml","Sitemap","4/28/2026","Warning","0"
"https://themegaradio.com/sitemap-stations-gu-38.xml","Sitemap","4/27/2026","Warning","0"
"https://themegaradio.com/sitemap-stations-mr-48.xml","Sitemap","4/28/2026","Warning","0"
"https://themegaradio.com/sitemap-stations-kn-52.xml","Sitemap","4/28/2026","Warning","0"
"https://themegaradio.com/sitemap-stations-sk-31.xml","Sitemap","4/28/2026","Warning","0"
"https://themegaradio.com/sitemap-stations-el-14.xml","Sitemap","4/28/2026","Error","0"
"https://themegaradio.com/sitemap-stations-bg-48.xml","Sitemap","4/28/2026","Warning","0"
"https://themegaradio.com/sitemap-stations-ur-36.xml","Sitemap","4/28/2026","Warning","0"
"https://themegaradio.com/sitemap-stations-ml-50.xml","Sitemap","4/28/2026","Warning","0"
"https://themegaradio.com/sitemap-stations-am-32.xml","Sitemap","4/28/2026","Warning","0"
"https://themegaradio.com/sitemap-stations-he-21.xml","Sitemap","4/28/2026","Warning","0"
"https://themegaradio.com/sitemap-stations-sl-47.xml","Sitemap","4/28/2026","Warning","0"
"https://themegaradio.com/sitemap-stations-fr-45.xml","Sitemap","4/27/2026","Warning","0"
"https://themegaradio.com/sitemap-stations-et-52.xml","Sitemap","4/28/2026","Warning","0"
"https://themegaradio.com/sitemap-stations-sw-52.xml","Sitemap","4/28/2026","Warning","0"
"https://themegaradio.com/sitemap-stations-cs-50.xml","Sitemap","4/28/2026","Warning","0"
"https://themegaradio.com/sitemap-stations-te-50.xml","Sitemap","4/28/2026","Error","0"
"https://themegaradio.com/sitemap-stations-tl-31.xml","Sitemap","4/28/2026","Warning","0"
"https://themegaradio.com/sitemap-stations-pa-20.xml","Sitemap","4/28/2026","Warning","0"
"https://themegaradio.com/sitemap-stations-cs-47.xml","Sitemap","4/28/2026","Error","0"
"https://themegaradio.com/sitemap-stations-kn-43.xml","Sitemap","4/28/2026","Warning","0"
"https://themegaradio.com/sitemap-stations-am-19.xml","Sitemap","4/28/2026","Warning","0"
"https://themegaradio.com/sitemap-stations-hi-39.xml","Sitemap","4/28/2026","Warning","0"
"https://themegaradio.com/sitemap-stations-it-49.xml","Sitemap","4/28/2026","Warning","0"
"https://themegaradio.com/sitemap-stations-lv-44.xml","Sitemap","4/28/2026","Warning","0"
"https://themegaradio.com/sitemap-stations-en-46.xml","Sitemap","4/28/2026","Warning","0"
"https://themegaradio.com/sitemap-stations-am-18.xml","Sitemap","4/28/2026","Warning","0"
"https://themegaradio.com/sitemap-stations-so-48.xml","Sitemap","4/28/2026","Warning","0"
"https://themegaradio.com/sitemap-stations-fi-3.xml","Sitemap","4/28/2026","Warning","0"
"https://themegaradio.com/sitemap-stations-lt-27.xml","Sitemap","4/28/2026","Warning","0"
"https://themegaradio.com/sitemap-stations-no-45.xml","Sitemap","4/28/2026","Warning","0"
"https://themegaradio.com/sitemap-stations-kn-17.xml","Sitemap","4/28/2026","Error","0"
"https://themegaradio.com/sitemap-stations-az-48.xml","Sitemap","4/28/2026","Warning","0"
"https://themegaradio.com/sitemap-stations-es-49.xml","Sitemap","4/28/2026","Warning","0"
"https://themegaradio.com/sitemap-stations-da-52.xml","Sitemap","4/27/2026","Warning","0"
"https://themegaradio.com/sitemap-stations-pa-51.xml","Sitemap","4/28/2026","Warning","0"
"https://themegaradio.com/sitemap-stations-tl-22.xml","Sitemap","4/28/2026","Warning","0"
"https://themegaradio.com/sitemap-stations-lt-44.xml","Sitemap","4/27/2026","Warning","0"
"https://themegaradio.com/sitemap-stations-hy-44.xml","Sitemap","4/28/2026","Warning","0"
"https://themegaradio.com/sitemap-stations-de-51.xml","Sitemap","4/27/2026","Warning","0"
"https://themegaradio.com/sitemap-stations-fr-47.xml","Sitemap","4/28/2026","Warning","0"
"https://themegaradio.com/sitemap-stations-et-45.xml","Sitemap","4/28/2026","Warning","0"
"https://themegaradio.com/sitemap-stations-sv-52.xml","Sitemap","4/28/2026","Warning","0"
"https://themegaradio.com/sitemap-stations-gu-45.xml","Sitemap","4/28/2026","Warning","0"
"https://themegaradio.com/sitemap-stations-lv-16.xml","Sitemap","4/28/2026","Warning","0"
"https://themegaradio.com/sitemap-stations-am-30.xml","Sitemap","4/28/2026","Warning","0"
"https://themegaradio.com/sitemap-stations-tl-52.xml","Sitemap","4/28/2026","Warning","0"
"https://themegaradio.com/sitemap-stations-am-44.xml","Sitemap","4/28/2026","Warning","0"
"https://themegaradio.com/sitemap-stations-am-33.xml","Sitemap","4/28/2026","Warning","0"
"https://themegaradio.com/sitemap-stations-vi-36.xml","Sitemap","4/28/2026","Warning","0"
"https://themegaradio.com/sitemap-stations-pt-22.xml","Sitemap","4/27/2026","Error","0"
"https://themegaradio.com/sitemap-stations-sr-15.xml","Sitemap","4/28/2026","Error","0"
"https://themegaradio.com/sitemap-stations-sw-51.xml","Sitemap","4/28/2026","Warning","0"
"https://themegaradio.com/sitemap-stations-da-2.xml","Sitemap","4/27/2026","Warning","0"
"https://themegaradio.com/sitemap-stations-ur-52.xml","Sitemap","4/28/2026","Warning","0"
"https://themegaradio.com/sitemap-stations-de-47.xml","Sitemap","4/27/2026","Warning","0"
"https://themegaradio.com/sitemap-stations-sq-36.xml","Sitemap","4/27/2026","Warning","0"
"https://themegaradio.com/sitemap-stations-pa-25.xml","Sitemap","4/28/2026","Warning","0"
"https://themegaradio.com/sitemap-stations-et-38.xml","Sitemap","4/28/2026","Warning","0"
"https://themegaradio.com/sitemap-stations-no-42.xml","Sitemap","4/28/2026","Warning","0"
"https://themegaradio.com/sitemap-stations-he-8.xml","Sitemap","4/28/2026","Error","0"
"https://themegaradio.com/sitemap-stations-az-14.xml","Sitemap","4/28/2026","Warning","0"
"https://themegaradio.com/sitemap-stations-az-26.xml","Sitemap","4/28/2026","Warning","0"
"https://themegaradio.com/sitemap-stations-da-10.xml","Sitemap","4/27/2026","Error","0"
"https://themegaradio.com/sitemap-stations-zh-49.xml","Sitemap","4/28/2026","Warning","0"
"https://themegaradio.com/sitemap-stations-az-36.xml","Sitemap","4/28/2026","Warning","0"
"https://themegaradio.com/sitemap-stations-sq-28.xml","Sitemap","4/27/2026","Warning","0"
"https://themegaradio.com/sitemap-stations-hr-49.xml","Sitemap","4/28/2026","Warning","0"
"https://themegaradio.com/sitemap-stations-so-32.xml","Sitemap","4/28/2026","Warning","0"
"https://themegaradio.com/sitemap-stations-lv-18.xml","Sitemap","4/28/2026","Warning","0"
"https://themegaradio.com/sitemap-stations-sq-8.xml","Sitemap","4/27/2026","Warning","0"
"https://themegaradio.com/sitemap-stations-az-21.xml","Sitemap","4/28/2026","Warning","0"
"https://themegaradio.com/sitemap-stations-mr-52.xml","Sitemap","4/28/2026","Warning","0"
"https://themegaradio.com/sitemap-stations-fr-22.xml","Sitemap","4/28/2026","Error","0"
"https://themegaradio.com/sitemap-stations-sk-32.xml","Sitemap","4/28/2026","Error","0"
"https://themegaradio.com/sitemap-stations-vi-27.xml","Sitemap","4/28/2026","Warning","0"
"https://themegaradio.com/sitemap-stations-hi-41.xml","Sitemap","4/28/2026","Warning","0"
"https://themegaradio.com/sitemap-stations-lt-19.xml","Sitemap","4/28/2026","Warning","0"
"https://themegaradio.com/sitemap-stations-sl-44.xml","Sitemap","4/28/2026","Warning","0"
"https://themegaradio.com/sitemap-stations-vi-2.xml","Sitemap","4/27/2026","Warning","0"
"https://themegaradio.com/sitemap-stations-kn-42.xml","Sitemap","4/28/2026","Warning","0"
"https://themegaradio.com/sitemap-stations-lt-25.xml","Sitemap","4/28/2026","Warning","0"
"https://themegaradio.com/sitemap-stations-sk-43.xml","Sitemap","4/28/2026","Warning","0"
"https://themegaradio.com/sitemap-stations-pa-9.xml","Sitemap","4/28/2026","Warning","0"
"https://themegaradio.com/sitemap-stations-zh-50.xml","Sitemap","4/28/2026","Warning","0"
"https://themegaradio.com/sitemap-stations-sw-32.xml","Sitemap","4/28/2026","Warning","0"
"https://themegaradio.com/sitemap-stations-lv-38.xml","Sitemap","4/28/2026","Warning","0"
"https://themegaradio.com/sitemap-stations-lt-51.xml","Sitemap","4/27/2026","Warning","0"
"https://themegaradio.com/sitemap-stations-hi-52.xml","Sitemap","4/28/2026","Warning","0"
"https://themegaradio.com/sitemap-stations-de-50.xml","Sitemap","4/27/2026","Warning","0"
"https://themegaradio.com/sitemap-stations-tl-47.xml","Sitemap","4/28/2026","Warning","0"
"https://themegaradio.com/sitemap-stations-kn-3.xml","Sitemap","4/28/2026","Warning","0"
"https://themegaradio.com/sitemap-stations-sl-51.xml","Sitemap","4/28/2026","Warning","0"
"https://themegaradio.com/sitemap-stations-tl-18.xml","Sitemap","4/28/2026","Warning","0"
"https://themegaradio.com/sitemap-stations-ur-42.xml","Sitemap","4/28/2026","Warning","0"
"https://themegaradio.com/sitemap-stations-so-7.xml","Sitemap","4/28/2026","Error","0"
"https://themegaradio.com/sitemap-stations-sq-42.xml","Sitemap","4/28/2026","Warning","0"
"https://themegaradio.com/sitemap-stations-te-52.xml","Sitemap","4/28/2026","Warning","0"
"https://themegaradio.com/sitemap-stations-ms-43.xml","Sitemap","4/28/2026","Warning","0"
"https://themegaradio.com/sitemap-stations-hy-30.xml","Sitemap","4/28/2026","Warning","0"
"https://themegaradio.com/sitemap-stations-vi-52.xml","Sitemap","4/27/2026","Warning","0"
"https://themegaradio.com/sitemap-stations-am-37.xml","Sitemap","4/28/2026","Warning","0"
"https://themegaradio.com/sitemap-stations-lt-41.xml","Sitemap","4/27/2026","Warning","0"
"https://themegaradio.com/sitemap-stations-ar-50.xml","Sitemap","4/28/2026","Warning","0"
"https://themegaradio.com/sitemap-stations-sr-47.xml","Sitemap","4/28/2026","Warning","0"
"https://themegaradio.com/sitemap-stations-pa-37.xml","Sitemap","4/28/2026","Warning","0"
"https://themegaradio.com/sitemap-stations-nl-51.xml","Sitemap","4/27/2026","Error","0"
"https://themegaradio.com/sitemap-stations-am-49.xml","Sitemap","4/28/2026","Warning","0"
"https://themegaradio.com/sitemap-stations-sq-21.xml","Sitemap","4/28/2026","Warning","0"
"https://themegaradio.com/sitemap-stations-uk-46.xml","Sitemap","4/27/2026","Warning","0"
"https://themegaradio.com/sitemap-stations-mr-41.xml","Sitemap","4/28/2026","Warning","0"
"https://themegaradio.com/sitemap-stations-no-10.xml","Sitemap","4/28/2026","Error","0"
"https://themegaradio.com/sitemap-stations-uk-45.xml","Sitemap","4/28/2026","Warning","0"
"https://themegaradio.com/sitemap-stations-sq-51.xml","Sitemap","4/28/2026","Warning","0"
"https://themegaradio.com/sitemap-stations-en-48.xml","Sitemap","4/28/2026","Warning","0"
"https://themegaradio.com/sitemap-stations-so-35.xml","Sitemap","4/28/2026","Warning","0"
"https://themegaradio.com/sitemap-stations-so-26.xml","Sitemap","4/27/2026","Warning","0"
"https://themegaradio.com/sitemap-stations-hy-51.xml","Sitemap","4/28/2026","Warning","0"
"https://themegaradio.com/sitemap-stations-sq-39.xml","Sitemap","4/28/2026","Warning","0"
"https://themegaradio.com/sitemap-stations-ko-37.xml","Sitemap","4/28/2026","Error","0"
"https://themegaradio.com/sitemap-stations-es-52.xml","Sitemap","4/28/2026","Warning","0"
"https://themegaradio.com/sitemap-stations-hy-24.xml","Sitemap","4/28/2026","Warning","0"
"https://themegaradio.com/sitemap-stations-pl-50.xml","Sitemap","4/28/2026","Warning","0"
"https://themegaradio.com/sitemap-stations-fr-51.xml","Sitemap","4/28/2026","Warning","0"
"https://themegaradio.com/sitemap-stations-tl-23.xml","Sitemap","4/28/2026","Warning","0"
"https://themegaradio.com/sitemap-stations-te-47.xml","Sitemap","4/27/2026","Warning","0"
"https://themegaradio.com/sitemap-stations-uk-52.xml","Sitemap","4/28/2026","Warning","0"
"https://themegaradio.com/sitemap-stations-lv-15.xml","Sitemap","4/27/2026","Warning","0"
"https://themegaradio.com/sitemap-stations-et-37.xml","Sitemap","4/28/2026","Warning","0"
"https://themegaradio.com/sitemap-stations-ms-38.xml","Sitemap","4/28/2026","Warning","0"
"https://themegaradio.com/sitemap-stations-et-48.xml","Sitemap","4/28/2026","Warning","0"
"https://themegaradio.com/sitemap-stations-ms-33.xml","Sitemap","4/28/2026","Warning","0"
"https://themegaradio.com/sitemap-stations-hy-35.xml","Sitemap","4/28/2026","Warning","0"
"https://themegaradio.com/sitemap-stations-da-49.xml","Sitemap","4/27/2026","Warning","0"
"https://themegaradio.com/sitemap-stations-pa-43.xml","Sitemap","4/28/2026","Warning","0"
"https://themegaradio.com/sitemap-stations-uk-49.xml","Sitemap","4/28/2026","Warning","0"
"https://themegaradio.com/sitemap-stations-vi-45.xml","Sitemap","4/28/2026","Warning","0"
"https://themegaradio.com/sitemap-stations-tl-33.xml","Sitemap","4/27/2026","Warning","0"
"https://themegaradio.com/sitemap-stations-it-52.xml","Sitemap","4/28/2026","Warning","0"
"https://themegaradio.com/sitemap-stations-lv-40.xml","Sitemap","4/27/2026","Warning","0"
"https://themegaradio.com/sitemap-stations-so-13.xml","Sitemap","4/28/2026","Warning","0"
"https://themegaradio.com/sitemap-stations-bs-28.xml","Sitemap","4/28/2026","Warning","0"
"https://themegaradio.com/sitemap-stations-ms-5.xml","Sitemap","4/28/2026","Error","0"
"https://themegaradio.com/sitemap-stations-hy-7.xml","Sitemap","4/28/2026","Warning","0"
"https://themegaradio.com/sitemap-stations-bs-42.xml","Sitemap","4/28/2026","Warning","0"
"https://themegaradio.com/sitemap-stations-az-38.xml","Sitemap","4/28/2026","Warning","0"
"https://themegaradio.com/sitemap-stations-ta-46.xml","Sitemap","4/28/2026","Warning","0"
"https://themegaradio.com/sitemap-stations-lv-31.xml","Sitemap","4/28/2026","Warning","0"
"https://themegaradio.com/sitemap-stations-he-32.xml","Sitemap","4/28/2026","Error","0"
"https://themegaradio.com/sitemap-stations-pa-13.xml","Sitemap","4/28/2026","Warning","0"
"https://themegaradio.com/sitemap-stations-so-11.xml","Sitemap","4/28/2026","Warning","0"
"https://themegaradio.com/sitemap-stations-ur-24.xml","Sitemap","4/28/2026","Error","0"
"https://themegaradio.com/sitemap-stations-am-28.xml","Sitemap","4/28/2026","Warning","0"
"https://themegaradio.com/sitemap-stations-gu-5.xml","Sitemap","4/27/2026","Error","0"
"https://themegaradio.com/sitemap-stations-tl-16.xml","Sitemap","4/28/2026","Warning","0"
"https://themegaradio.com/sitemap-stations-pt-47.xml","Sitemap","4/27/2026","Warning","0"
"https://themegaradio.com/sitemap-stations-bg-43.xml","Sitemap","4/28/2026","Warning","0"
"https://themegaradio.com/sitemap-stations-lt-40.xml","Sitemap","4/27/2026","Warning","0"
"https://themegaradio.com/sitemap-stations-kn-44.xml","Sitemap","4/28/2026","Warning","0"
"https://themegaradio.com/sitemap-stations-it-50.xml","Sitemap","4/28/2026","Error","0"
"https://themegaradio.com/sitemap-stations-mr-37.xml","Sitemap","4/28/2026","Warning","0"
"https://themegaradio.com/sitemap-stations-hy-17.xml","Sitemap","4/28/2026","Warning","0"
"https://themegaradio.com/sitemap-stations-ko-1.xml","Sitemap","4/28/2026","Warning","0"
"https://themegaradio.com/sitemap-stations-lt-20.xml","Sitemap","4/27/2026","Warning","0"
"https://themegaradio.com/sitemap-stations-hy-25.xml","Sitemap","4/28/2026","Warning","0"
"https://themegaradio.com/sitemap-stations-sr-38.xml","Sitemap","4/28/2026","Error","0"
"https://themegaradio.com/sitemap-stations-lt-34.xml","Sitemap","4/27/2026","Warning","0"
"https://themegaradio.com/sitemap-stations-kn-26.xml","Sitemap","4/28/2026","Warning","0"
"https://themegaradio.com/sitemap-stations-ur-29.xml","Sitemap","4/28/2026","Error","0"
"https://themegaradio.com/sitemap-stations-et-30.xml","Sitemap","4/28/2026","Warning","0"
"https://themegaradio.com/sitemap-stations-pa-29.xml","Sitemap","4/27/2026","Warning","0"
"https://themegaradio.com/sitemap-stations-cs-45.xml","Sitemap","4/28/2026","Warning","0"
"https://themegaradio.com/sitemap-stations-so-28.xml","Sitemap","4/28/2026","Warning","0"
"https://themegaradio.com/sitemap-stations-lt-42.xml","Sitemap","4/28/2026","Warning","0"
"https://themegaradio.com/sitemap-stations-hr-27.xml","Sitemap","4/28/2026","Error","0"
"https://themegaradio.com/sitemap-stations-ko-43.xml","Sitemap","4/28/2026","Warning","0"
"https://themegaradio.com/sitemap-stations-am-48.xml","Sitemap","4/28/2026","Warning","0"
"https://themegaradio.com/sitemap-stations-tl-49.xml","Sitemap","4/28/2026","Warning","0"
"https://themegaradio.com/sitemap-stations-fi-47.xml","Sitemap","4/28/2026","Warning","0"
"https://themegaradio.com/sitemap-stations-kn-25.xml","Sitemap","4/28/2026","Warning","0"
"https://themegaradio.com/sitemap-stations-ml-52.xml","Sitemap","4/28/2026","Warning","0"
"https://themegaradio.com/sitemap-stations-ms-45.xml","Sitemap","4/28/2026","Warning","0"
"https://themegaradio.com/sitemap-stations-kn-16.xml","Sitemap","4/28/2026","Warning","0"
"https://themegaradio.com/sitemap-stations-et-4.xml","Sitemap","4/28/2026","Warning","0"
"https://themegaradio.com/sitemap-stations-hy-29.xml","Sitemap","4/28/2026","Error","0"
"https://themegaradio.com/sitemap-stations-id-39.xml","Sitemap","4/28/2026","Warning","0"
"https://themegaradio.com/sitemap-stations-hy-37.xml","Sitemap","4/28/2026","Warning","0"
"https://themegaradio.com/sitemap-stations-az-51.xml","Sitemap","4/28/2026","Warning","0"
"https://themegaradio.com/sitemap-stations-ta-50.xml","Sitemap","4/28/2026","Warning","0"
"https://themegaradio.com/sitemap-stations-lt-23.xml","Sitemap","4/28/2026","Warning","0"
"https://themegaradio.com/sitemap-stations-hy-45.xml","Sitemap","4/28/2026","Warning","0"
"https://themegaradio.com/sitemap-stations-ro-51.xml","Sitemap","4/28/2026","Warning","0"
"https://themegaradio.com/sitemap-stations-ur-48.xml","Sitemap","4/28/2026","Warning","0"
"https://themegaradio.com/sitemap-stations-mr-43.xml","Sitemap","4/28/2026","Warning","0"
"https://themegaradio.com/sitemap-stations-sk-28.xml","Sitemap","4/28/2026","Error","0"
"https://themegaradio.com/sitemap-stations-gu-42.xml","Sitemap","4/28/2026","Warning","0"
"https://themegaradio.com/sitemap-stations-az-31.xml","Sitemap","4/28/2026","Warning","0"
"https://themegaradio.com/sitemap-stations-am-51.xml","Sitemap","4/28/2026","Warning","0"
"https://themegaradio.com/sitemap-stations-sr-31.xml","Sitemap","4/28/2026","Error","0"
"https://themegaradio.com/sitemap-stations-ml-30.xml","Sitemap","4/27/2026","Error","0"
"https://themegaradio.com/sitemap-stations-so-50.xml","Sitemap","4/27/2026","Warning","0"
"https://themegaradio.com/sitemap-stations-nl-46.xml","Sitemap","4/28/2026","Warning","0"
"https://themegaradio.com/sitemap-stations-lv-17.xml","Sitemap","4/28/2026","Warning","0"
"https://themegaradio.com/sitemap-stations-te-44.xml","Sitemap","4/27/2026","Warning","0"
"https://themegaradio.com/sitemap-stations-pa-19.xml","Sitemap","4/28/2026","Error","0"
"https://themegaradio.com/sitemap-stations-es-51.xml","Sitemap","4/28/2026","Warning","0"
"https://themegaradio.com/sitemap-stations-so-34.xml","Sitemap","4/28/2026","Warning","0"
"https://themegaradio.com/sitemap-stations-ar-49.xml","Sitemap","4/27/2026","Warning","0"
"https://themegaradio.com/sitemap-stations-bg-52.xml","Sitemap","4/28/2026","Warning","0"
"https://themegaradio.com/sitemap-stations-lv-49.xml","Sitemap","4/28/2026","Warning","0"
"https://themegaradio.com/sitemap-stations-tl-12.xml","Sitemap","4/28/2026","Warning","0"
"https://themegaradio.com/sitemap-stations-hr-47.xml","Sitemap","4/28/2026","Warning","0"
"https://themegaradio.com/sitemap-stations-pa-36.xml","Sitemap","4/28/2026","Warning","0"
"https://themegaradio.com/sitemap-stations-zh-46.xml","Sitemap","4/28/2026","Warning","0"
"https://themegaradio.com/sitemap-stations-sw-42.xml","Sitemap","4/28/2026","Warning","0"
"https://themegaradio.com/sitemap-stations-pa-39.xml","Sitemap","4/28/2026","Warning","0"
"https://themegaradio.com/sitemap-stations-sv-48.xml","Sitemap","4/28/2026","Warning","0"
"https://themegaradio.com/sitemap-stations-sq-11.xml","Sitemap","4/28/2026","Warning","0"
"https://themegaradio.com/sitemap-stations-so-29.xml","Sitemap","4/28/2026","Warning","0"
"https://themegaradio.com/sitemap-stations-et-49.xml","Sitemap","4/28/2026","Warning","0"
"https://themegaradio.com/sitemap-stations-te-37.xml","Sitemap","4/28/2026","Warning","0"
"https://themegaradio.com/sitemap-stations-te-41.xml","Sitemap","4/28/2026","Warning","0"
"https://themegaradio.com/sitemap-stations-lv-22.xml","Sitemap","4/28/2026","Warning","0"
"https://themegaradio.com/sitemap-stations-ru-49.xml","Sitemap","4/28/2026","Warning","0"
"https://themegaradio.com/sitemap-stations-bs-17.xml","Sitemap","4/28/2026","Error","0"
"https://themegaradio.com/sitemap-stations-so-23.xml","Sitemap","4/28/2026","Warning","0"
"https://themegaradio.com/sitemap-stations-lt-28.xml","Sitemap","4/27/2026","Warning","0"
"https://themegaradio.com/sitemap-stations-gu-47.xml","Sitemap","4/27/2026","Warning","0"
"https://themegaradio.com/sitemap-stations-pa-14.xml","Sitemap","4/28/2026","Warning","0"
"https://themegaradio.com/sitemap-stations-bs-50.xml","Sitemap","4/28/2026","Warning","0"
"https://themegaradio.com/sitemap-stations-ko-41.xml","Sitemap","4/28/2026","Warning","0"
"https://themegaradio.com/sitemap-stations-bn-47.xml","Sitemap","4/28/2026","Warning","0"
"https://themegaradio.com/sitemap-stations-sr-45.xml","Sitemap","4/28/2026","Warning","0"
"https://themegaradio.com/sitemap-stations-ko-45.xml","Sitemap","4/28/2026","Warning","0"
"https://themegaradio.com/sitemap-stations-en-52.xml","Sitemap","4/28/2026","Warning","0"
"https://themegaradio.com/sitemap-stations-de-9.xml","Sitemap","4/27/2026","Error","0"
"https://themegaradio.com/sitemap-stations-hy-38.xml","Sitemap","4/28/2026","Warning","0"
"https://themegaradio.com/sitemap-stations-ms-37.xml","Sitemap","4/28/2026","Warning","0"
"https://themegaradio.com/sitemap-stations-pl-44.xml","Sitemap","4/28/2026","Warning","0"
"https://themegaradio.com/sitemap-stations-sl-48.xml","Sitemap","4/28/2026","Warning","0"
"https://themegaradio.com/sitemap-stations-lt-12.xml","Sitemap","4/27/2026","Warning","0"
"https://themegaradio.com/sitemap-stations-sq-6.xml","Sitemap","4/28/2026","Error","0"
"https://themegaradio.com/sitemap-stations-el-45.xml","Sitemap","4/28/2026","Warning","0"
"https://themegaradio.com/sitemap-stations-am-6.xml","Sitemap","4/28/2026","Error","0"
"https://themegaradio.com/sitemap-stations-fi-45.xml","Sitemap","4/28/2026","Warning","0"
"https://themegaradio.com/sitemap-stations-ta-38.xml","Sitemap","4/28/2026","Warning","0"
"https://themegaradio.com/sitemap-stations-pa-30.xml","Sitemap","4/28/2026","Warning","0"
"https://themegaradio.com/sitemap-stations-hy-40.xml","Sitemap","4/28/2026","Warning","0"
"https://themegaradio.com/sitemap-stations-ur-32.xml","Sitemap","4/28/2026","Error","0"
"https://themegaradio.com/sitemap-stations-so-5.xml","Sitemap","4/28/2026","Warning","0"
"https://themegaradio.com/sitemap-stations-pa-11.xml","Sitemap","4/28/2026","Warning","0"
"https://themegaradio.com/sitemap-stations-lt-22.xml","Sitemap","4/27/2026","Warning","0"
"https://themegaradio.com/sitemap-stations-uk-48.xml","Sitemap","4/28/2026","Warning","0"
"https://themegaradio.com/sitemap-stations-lv-13.xml","Sitemap","4/28/2026","Warning","0"
"https://themegaradio.com/sitemap-stations-it-36.xml","Sitemap","4/28/2026","Error","0"
"https://themegaradio.com/sitemap-stations-hi-12.xml","Sitemap","4/28/2026","Error","0"
"https://themegaradio.com/sitemap-stations-hu-52.xml","Sitemap","4/28/2026","Warning","0"
"https://themegaradio.com/sitemap-stations-ur-47.xml","Sitemap","4/28/2026","Warning","0"
"https://themegaradio.com/sitemap-stations-lt-14.xml","Sitemap","4/28/2026","Warning","0"
"https://themegaradio.com/sitemap-stations-sl-50.xml","Sitemap","4/28/2026","Warning","0"
"https://themegaradio.com/sitemap-stations-ms-49.xml","Sitemap","4/28/2026","Warning","0"
"https://themegaradio.com/sitemap-stations-so-43.xml","Sitemap","4/28/2026","Warning","0"
"https://themegaradio.com/sitemap-stations-ru-47.xml","Sitemap","4/28/2026","Warning","0"
"https://themegaradio.com/sitemap-stations-so-31.xml","Sitemap","4/28/2026","Warning","0"
"https://themegaradio.com/sitemap-stations-sk-49.xml","Sitemap","4/28/2026","Warning","0"
"https://themegaradio.com/sitemap-stations-gu-48.xml","Sitemap","4/27/2026","Warning","0"
"https://themegaradio.com/sitemap-stations-ko-52.xml","Sitemap","4/28/2026","Warning","0"
"https://themegaradio.com/sitemap-stations-kn-33.xml","Sitemap","4/28/2026","Warning","0"
"https://themegaradio.com/sitemap-stations-he-22.xml","Sitemap","4/28/2026","Warning","0"
"https://themegaradio.com/sitemap-stations-lv-48.xml","Sitemap","4/28/2026","Warning","0"
"https://themegaradio.com/sitemap-stations-ko-47.xml","Sitemap","4/28/2026","Warning","0"
"https://themegaradio.com/sitemap-stations-ru-50.xml","Sitemap","4/28/2026","Warning","0"
"https://themegaradio.com/sitemap-stations-kn-2.xml","Sitemap","4/28/2026","Error","0"
"https://themegaradio.com/sitemap-stations-sq-15.xml","Sitemap","4/28/2026","Warning","0"
"https://themegaradio.com/sitemap-stations-lt-46.xml","Sitemap","4/27/2026","Warning","0"
"https://themegaradio.com/sitemap-stations-ml-44.xml","Sitemap","4/28/2026","Warning","0"
"https://themegaradio.com/sitemap-stations-vi-30.xml","Sitemap","4/27/2026","Warning","0"
"https://themegaradio.com/sitemap-stations-tl-51.xml","Sitemap","4/28/2026","Warning","0"
"https://themegaradio.com/sitemap-stations-hu-48.xml","Sitemap","4/28/2026","Warning","0"
"https://themegaradio.com/sitemap-stations-gu-52.xml","Sitemap","4/28/2026","Warning","0"
"https://themegaradio.com/sitemap-stations-pa-26.xml","Sitemap","4/28/2026","Warning","0"
"https://themegaradio.com/sitemap-stations-tl-8.xml","Sitemap","4/28/2026","Warning","0"
"https://themegaradio.com/sitemap-stations-ml-42.xml","Sitemap","4/28/2026","Warning","0"
"https://themegaradio.com/sitemap-stations-id-41.xml","Sitemap","4/28/2026","Warning","0"
"https://themegaradio.com/sitemap-stations-no-39.xml","Sitemap","4/28/2026","Error","0"
"https://themegaradio.com/sitemap-stations-vi-39.xml","Sitemap","4/27/2026","Warning","0"
"https://themegaradio.com/sitemap-stations-kn-35.xml","Sitemap","4/28/2026","Warning","0"
"https://themegaradio.com/sitemap-stations-ko-22.xml","Sitemap","4/28/2026","Warning","0"
"https://themegaradio.com/sitemap-stations-el-50.xml","Sitemap","4/28/2026","Warning","0"
"https://themegaradio.com/sitemap-stations-mr-39.xml","Sitemap","4/28/2026","Warning","0"
"https://themegaradio.com/sitemap-stations-sq-46.xml","Sitemap","4/28/2026","Warning","0"
"https://themegaradio.com/sitemap-stations-lt-48.xml","Sitemap","4/27/2026","Warning","0"
"https://themegaradio.com/sitemap-stations-sk-45.xml","Sitemap","4/28/2026","Warning","0"
"https://themegaradio.com/sitemap-stations-it-29.xml","Sitemap","4/28/2026","Error","0"
"https://themegaradio.com/sitemap-stations-lv-52.xml","Sitemap","4/28/2026","Warning","0"
"https://themegaradio.com/sitemap-stations-lt-13.xml","Sitemap","4/27/2026","Warning","0"
"https://themegaradio.com/sitemap-stations-az-13.xml","Sitemap","4/28/2026","Warning","0"
"https://themegaradio.com/sitemap-stations-kn-37.xml","Sitemap","4/28/2026","Warning","0"
"https://themegaradio.com/sitemap-stations-bs-45.xml","Sitemap","4/28/2026","Warning","0"
"https://themegaradio.com/sitemap-stations-ms-40.xml","Sitemap","4/28/2026","Warning","0"
"https://themegaradio.com/sitemap-stations-hi-37.xml","Sitemap","4/28/2026","Warning","0"
"https://themegaradio.com/sitemap-stations-he-47.xml","Sitemap","4/28/2026","Warning","0"
"https://themegaradio.com/sitemap-stations-he-46.xml","Sitemap","4/28/2026","Warning","0"
"https://themegaradio.com/sitemap-stations-so-52.xml","Sitemap","4/28/2026","Warning","0"
"https://themegaradio.com/sitemap-stations-vi-51.xml","Sitemap","4/28/2026","Warning","0"
"https://themegaradio.com/sitemap-stations-pa-50.xml","Sitemap","4/28/2026","Warning","0"
"https://themegaradio.com/sitemap-stations-so-41.xml","Sitemap","4/28/2026","Warning","0"
"https://themegaradio.com/sitemap-stations-lt-43.xml","Sitemap","4/27/2026","Warning","0"
"https://themegaradio.com/sitemap-stations-am-15.xml","Sitemap","4/28/2026","Warning","0"
"https://themegaradio.com/sitemap-stations-hy-9.xml","Sitemap","4/28/2026","Warning","0"
"https://themegaradio.com/sitemap-stations-pt-38.xml","Sitemap","4/27/2026","Error","0"
"https://themegaradio.com/sitemap-stations-hy-15.xml","Sitemap","4/28/2026","Warning","0"
"https://themegaradio.com/sitemap-stations-ur-35.xml","Sitemap","4/28/2026","Error","0"
"https://themegaradio.com/sitemap-stations-ms-44.xml","Sitemap","4/28/2026","Error","0"
"https://themegaradio.com/sitemap-stations-ms-29.xml","Sitemap","4/28/2026","Error","0"
"https://themegaradio.com/sitemap-stations-hy-46.xml","Sitemap","4/28/2026","Warning","0"
"https://themegaradio.com/sitemap-genres-he.xml","Sitemap","4/28/2026","Error","0"
"https://themegaradio.com/sitemap-stations-so-39.xml","Sitemap","4/28/2026","Warning","0"
"https://themegaradio.com/sitemap-stations-bs-52.xml","Sitemap","4/28/2026","Warning","0"
"https://themegaradio.com/sitemap-stations-sq-25.xml","Sitemap","4/28/2026","Warning","0"
"https://themegaradio.com/sitemap-stations-sr-28.xml","Sitemap","4/28/2026","Error","0"
"https://themegaradio.com/sitemap-stations-he-49.xml","Sitemap","4/28/2026","Warning","0"
"https://themegaradio.com/sitemap-stations-so-12.xml","Sitemap","4/28/2026","Warning","0"
"https://themegaradio.com/sitemap-stations-hy-11.xml","Sitemap","4/28/2026","Warning","0"
"https://themegaradio.com/sitemap-stations-hy-14.xml","Sitemap","4/28/2026","Warning","0"
"https://themegaradio.com/sitemap-stations-ml-38.xml","Sitemap","4/27/2026","Warning","0"
"https://themegaradio.com/sitemap-stations-fi-1.xml","Sitemap","4/28/2026","Warning","0"
"https://themegaradio.com/sitemap-stations-hy-12.xml","Sitemap","4/27/2026","Warning","0"
"https://themegaradio.com/sitemap-stations-pa-17.xml","Sitemap","4/28/2026","Warning","0"
"https://themegaradio.com/sitemap-stations-kn-24.xml","Sitemap","4/28/2026","Warning","0"
"https://themegaradio.com/sitemap-stations-it-47.xml","Sitemap","4/28/2026","Warning","0"
"https://themegaradio.com/sitemap-stations-fi-46.xml","Sitemap","4/28/2026","Warning","0"
"https://themegaradio.com/sitemap-stations-hr-52.xml","Sitemap","4/28/2026","Warning","0"
"https://themegaradio.com/sitemap-stations-sq-44.xml","Sitemap","4/28/2026","Warning","0"
"https://themegaradio.com/sitemap-stations-hi-49.xml","Sitemap","4/28/2026","Warning","0"
"https://themegaradio.com/sitemap-stations-ur-46.xml","Sitemap","4/28/2026","Warning","0"
"https://themegaradio.com/sitemap-stations-sq-49.xml","Sitemap","4/28/2026","Warning","0"
"https://themegaradio.com/sitemap-stations-tr-51.xml","Sitemap","4/28/2026","Error","0"
"https://themegaradio.com/sitemap-stations-bn-49.xml","Sitemap","4/28/2026","Warning","0"
"https://themegaradio.com/sitemap-stations-cs-52.xml","Sitemap","4/27/2026","Warning","0"
"https://themegaradio.com/sitemap-stations-hu-45.xml","Sitemap","4/28/2026","Warning","0"
"https://themegaradio.com/sitemap-stations-az-47.xml","Sitemap","4/28/2026","Warning","0"
"https://themegaradio.com/sitemap-stations-mr-46.xml","Sitemap","4/28/2026","Warning","0"
"https://themegaradio.com/sitemap-stations-no-50.xml","Sitemap","4/28/2026","Warning","0"
"https://themegaradio.com/sitemap-stations-sl-41.xml","Sitemap","4/28/2026","Warning","0"
"https://themegaradio.com/sitemap-stations-lt-29.xml","Sitemap","4/28/2026","Warning","0"
"https://themegaradio.com/sitemap-stations-bs-51.xml","Sitemap","4/28/2026","Error","0"
"https://themegaradio.com/sitemap-stations-pa-41.xml","Sitemap","4/28/2026","Warning","0"
"https://themegaradio.com/sitemap-stations-vi-49.xml","Sitemap","4/28/2026","Warning","0"
"https://themegaradio.com/sitemap-stations-sq-20.xml","Sitemap","4/28/2026","Warning","0"
"https://themegaradio.com/sitemap-stations-ar-52.xml","Sitemap","4/28/2026","Warning","0"
"https://themegaradio.com/sitemap-stations-hy-48.xml","Sitemap","4/28/2026","Warning","0"
"https://themegaradio.com/sitemap-stations-sw-35.xml","Sitemap","4/28/2026","Warning","0"
"https://themegaradio.com/sitemap-stations-id-48.xml","Sitemap","4/28/2026","Warning","0"
"https://themegaradio.com/sitemap-stations-bs-47.xml","Sitemap","4/28/2026","Warning","0"
"https://themegaradio.com/sitemap-stations-lt-45.xml","Sitemap","4/27/2026","Warning","0"
"https://themegaradio.com/sitemap-stations-vi-48.xml","Sitemap","4/27/2026","Warning","0"
"https://themegaradio.com/sitemap-stations-es-38.xml","Sitemap","4/28/2026","Error","0"
"https://themegaradio.com/sitemap-stations-lt-24.xml","Sitemap","4/27/2026","Warning","0"
"https://themegaradio.com/sitemap-stations-ur-17.xml","Sitemap","4/28/2026","Error","0"
"https://themegaradio.com/sitemap-stations-pa-31.xml","Sitemap","4/28/2026","Warning","0"
"https://themegaradio.com/sitemap-stations-sw-8.xml","Sitemap","4/28/2026","Warning","0"
"https://themegaradio.com/sitemap-stations-ms-19.xml","Sitemap","4/28/2026","Error","0"
"https://themegaradio.com/sitemap-stations-so-1.xml","Sitemap","4/28/2026","Warning","0"
"https://themegaradio.com/sitemap-stations-am-36.xml","Sitemap","4/27/2026","Warning","0"
"https://themegaradio.com/sitemap-stations-ml-43.xml","Sitemap","4/27/2026","Warning","0"
"https://themegaradio.com/sitemap-stations-ro-45.xml","Sitemap","4/28/2026","Warning","0"
"https://themegaradio.com/sitemap-stations-lv-46.xml","Sitemap","4/28/2026","Warning","0"
"https://themegaradio.com/sitemap-stations-he-52.xml","Sitemap","4/28/2026","Warning","0"
"https://themegaradio.com/sitemap-stations-lv-25.xml","Sitemap","4/28/2026","Warning","0"
"https://themegaradio.com/sitemap-stations-zh-45.xml","Sitemap","4/28/2026","Error","0"
"https://themegaradio.com/sitemap-stations-lt-35.xml","Sitemap","4/27/2026","Warning","0"
"https://themegaradio.com/sitemap-stations-sw-18.xml","Sitemap","4/28/2026","Warning","0"
"https://themegaradio.com/sitemap-stations-kn-39.xml","Sitemap","4/28/2026","Warning","0"
"https://themegaradio.com/sitemap-stations-et-50.xml","Sitemap","4/28/2026","Warning","0"
"https://themegaradio.com/sitemap-stations-bs-48.xml","Sitemap","4/28/2026","Warning","0"
"https://themegaradio.com/sitemap-stations-az-25.xml","Sitemap","4/28/2026","Warning","0"
"https://themegaradio.com/sitemap-stations-te-39.xml","Sitemap","4/27/2026","Warning","0"
"https://themegaradio.com/sitemap-stations-ta-52.xml","Sitemap","4/28/2026","Warning","0"
"https://themegaradio.com/sitemap-stations-pa-35.xml","Sitemap","4/28/2026","Warning","0"
"https://themegaradio.com/sitemap-stations-am-39.xml","Sitemap","4/28/2026","Warning","0"
"https://themegaradio.com/sitemap-stations-pa-44.xml","Sitemap","4/28/2026","Warning","0"
"https://themegaradio.com/sitemap-stations-no-47.xml","Sitemap","4/28/2026","Warning","0"
"https://themegaradio.com/sitemap-stations-vi-31.xml","Sitemap","4/27/2026","Warning","0"
"https://themegaradio.com/sitemap-stations-so-38.xml","Sitemap","4/28/2026","Error","0"
"https://themegaradio.com/sitemap-stations-lt-47.xml","Sitemap","4/28/2026","Warning","0"
"https://themegaradio.com/sitemap-stations-am-14.xml","Sitemap","4/28/2026","Warning","0"
"https://themegaradio.com/sitemap-stations-ro-50.xml","Sitemap","4/28/2026","Warning","0"
"https://themegaradio.com/sitemap-stations-sk-50.xml","Sitemap","4/28/2026","Warning","0"
"https://themegaradio.com/sitemap-stations-ms-32.xml","Sitemap","4/28/2026","Warning","0"
"https://themegaradio.com/sitemap-stations-so-22.xml","Sitemap","4/28/2026","Warning","0"
"https://themegaradio.com/sitemap-stations-ml-40.xml","Sitemap","4/27/2026","Warning","0"
"https://themegaradio.com/sitemap-stations-uk-44.xml","Sitemap","4/28/2026","Error","0"
"https://themegaradio.com/sitemap-stations-et-51.xml","Sitemap","4/28/2026","Warning","0"
"https://themegaradio.com/sitemap-stations-it-45.xml","Sitemap","4/28/2026","Warning","0"
"https://themegaradio.com/sitemap-stations-pa-2.xml","Sitemap","4/28/2026","Warning","0"
"https://themegaradio.com/sitemap-stations-tl-40.xml","Sitemap","4/28/2026","Warning","0"
"https://themegaradio.com/sitemap-stations-ko-44.xml","Sitemap","4/28/2026","Warning","0"
"https://themegaradio.com/sitemap-stations-it-48.xml","Sitemap","4/28/2026","Warning","0"
"https://themegaradio.com/sitemap-stations-ta-44.xml","Sitemap","4/28/2026","Warning","0"
"https://themegaradio.com/sitemap-stations-zh-47.xml","Sitemap","4/28/2026","Warning","0"
"https://themegaradio.com/sitemap-stations-pa-18.xml","Sitemap","4/28/2026","Warning","0"
"https://themegaradio.com/sitemap-stations-no-32.xml","Sitemap","4/28/2026","Error","0"
"https://themegaradio.com/sitemap-stations-lt-37.xml","Sitemap","4/27/2026","Warning","0"
"https://themegaradio.com/sitemap-stations-ur-51.xml","Sitemap","4/28/2026","Warning","0"
"https://themegaradio.com/sitemap-stations-hu-51.xml","Sitemap","4/28/2026","Warning","0"
"https://themegaradio.com/sitemap-stations-az-46.xml","Sitemap","4/28/2026","Warning","0"
"https://themegaradio.com/sitemap-stations-no-41.xml","Sitemap","4/28/2026","Warning","0"
"https://themegaradio.com/sitemap-stations-kn-30.xml","Sitemap","4/28/2026","Warning","0"
"https://themegaradio.com/sitemap-stations-sq-45.xml","Sitemap","4/28/2026","Warning","0"
"https://themegaradio.com/sitemap-stations-so-51.xml","Sitemap","4/27/2026","Warning","0"
"https://themegaradio.com/sitemap-stations-no-52.xml","Sitemap","4/28/2026","Warning","0"
"https://themegaradio.com/sitemap-stations-bn-38.xml","Sitemap","4/28/2026","Warning","0"
"https://themegaradio.com/sitemap-stations-sr-52.xml","Sitemap","4/28/2026","Warning","0"
"https://themegaradio.com/sitemap-stations-am-13.xml","Sitemap","4/28/2026","Warning","0"
"https://themegaradio.com/sitemap-stations-ta-42.xml","Sitemap","4/27/2026","Warning","0"
"https://themegaradio.com/sitemap-stations-ta-36.xml","Sitemap","4/28/2026","Warning","0"
"https://themegaradio.com/sitemap-stations-lv-51.xml","Sitemap","4/28/2026","Warning","0"
"https://themegaradio.com/sitemap-stations-ro-44.xml","Sitemap","4/28/2026","Warning","0"
"https://themegaradio.com/sitemap-stations-zh-51.xml","Sitemap","4/28/2026","Warning","0"
"https://themegaradio.com/sitemap-stations-id-46.xml","Sitemap","4/28/2026","Warning","0"
"https://themegaradio.com/sitemap-stations-bs-41.xml","Sitemap","4/28/2026","Warning","0"
"https://themegaradio.com/sitemap-stations-kn-48.xml","Sitemap","4/28/2026","Error","0"
"https://themegaradio.com/sitemap-stations-hi-36.xml","Sitemap","4/28/2026","Warning","0"
"https://themegaradio.com/sitemap-stations-tl-37.xml","Sitemap","4/28/2026","Warning","0"
"https://themegaradio.com/sitemap-stations-uk-50.xml","Sitemap","4/28/2026","Warning","0"
"https://themegaradio.com/sitemap-stations-el-29.xml","Sitemap","4/28/2026","Error","0"
"https://themegaradio.com/sitemap-stations-ml-36.xml","Sitemap","4/27/2026","Warning","0"
"https://themegaradio.com/sitemap-stations-am-41.xml","Sitemap","4/28/2026","Warning","0"
"https://themegaradio.com/sitemap-stations-sq-38.xml","Sitemap","4/28/2026","Warning","0"
"https://themegaradio.com/sitemap-stations-tr-48.xml","Sitemap","4/28/2026","Warning","0"
"https://themegaradio.com/sitemap-stations-el-52.xml","Sitemap","4/28/2026","Warning","0"
"https://themegaradio.com/sitemap-stations-kn-41.xml","Sitemap","4/28/2026","Warning","0"
"https://themegaradio.com/sitemap-stations-pt-50.xml","Sitemap","4/28/2026","Warning","0"
"https://themegaradio.com/sitemap-stations-vi-47.xml","Sitemap","4/27/2026","Warning","0"
"https://themegaradio.com/sitemap-stations-ur-38.xml","Sitemap","4/28/2026","Warning","0"
"https://themegaradio.com/sitemap-stations-ko-20.xml","Sitemap","4/28/2026","Error","0"
"https://themegaradio.com/sitemap-stations-sq-43.xml","Sitemap","4/28/2026","Warning","0"
"https://themegaradio.com/sitemap-stations-tl-39.xml","Sitemap","4/28/2026","Warning","0"
"https://themegaradio.com/sitemap-stations-ko-5.xml","Sitemap","4/28/2026","Error","0"
"https://themegaradio.com/sitemap-stations-sv-1.xml","Sitemap","4/28/2026","Warning","0"
"https://themegaradio.com/sitemap-stations-sw-25.xml","Sitemap","4/28/2026","Warning","0"
"https://themegaradio.com/sitemap-stations-el-47.xml","Sitemap","4/28/2026","Warning","0"
"https://themegaradio.com/sitemap-stations-id-40.xml","Sitemap","4/28/2026","Warning","0"
"https://themegaradio.com/sitemap-stations-gu-37.xml","Sitemap","4/27/2026","Warning","0"
"https://themegaradio.com/sitemap-stations-so-37.xml","Sitemap","4/28/2026","Warning","0"
"https://themegaradio.com/sitemap-stations-pa-22.xml","Sitemap","4/28/2026","Warning","0"
"https://themegaradio.com/sitemap-stations-tl-48.xml","Sitemap","4/28/2026","Error","0"
"https://themegaradio.com/sitemap-stations-en-50.xml","Sitemap","4/28/2026","Warning","0"
"https://themegaradio.com/sitemap-stations-el-49.xml","Sitemap","4/28/2026","Warning","0"
"https://themegaradio.com/sitemap-stations-hy-49.xml","Sitemap","4/28/2026","Warning","0"
"https://themegaradio.com/sitemap-stations-lv-2.xml","Sitemap","4/28/2026","Warning","0"
"https://themegaradio.com/sitemap-stations-pa-23.xml","Sitemap","4/28/2026","Warning","0"
"https://themegaradio.com/sitemap-stations-hr-41.xml","Sitemap","4/28/2026","Error","0"
"https://themegaradio.com/sitemap-stations-fr-48.xml","Sitemap","4/28/2026","Warning","0"
"https://themegaradio.com/sitemap-stations-ta-14.xml","Sitemap","4/28/2026","Error","0"
"https://themegaradio.com/sitemap-stations-az-29.xml","Sitemap","4/28/2026","Warning","0"
"https://themegaradio.com/sitemap-stations-gu-28.xml","Sitemap","4/27/2026","Error","0"
"https://themegaradio.com/sitemap-genres-ko.xml","Sitemap","4/28/2026","Error","0"
"https://themegaradio.com/sitemap-stations-tl-11.xml","Sitemap","4/28/2026","Error","0"
"https://themegaradio.com/sitemap-stations-vi-41.xml","Sitemap","4/27/2026","Warning","0"
"https://themegaradio.com/sitemap-stations-am-11.xml","Sitemap","4/28/2026","Warning","0"
"https://themegaradio.com/sitemap-stations-kn-46.xml","Sitemap","4/28/2026","Warning","0"
"https://themegaradio.com/sitemap-stations-hr-45.xml","Sitemap","4/28/2026","Warning","0"
"https://themegaradio.com/sitemap-stations-sr-51.xml","Sitemap","4/28/2026","Warning","0"
"https://themegaradio.com/sitemap-stations-et-16.xml","Sitemap","4/27/2026","Warning","0"
"https://themegaradio.com/sitemap-stations-az-42.xml","Sitemap","4/28/2026","Warning","0"
"https://themegaradio.com/sitemap-stations-id-50.xml","Sitemap","4/28/2026","Warning","0"
"https://themegaradio.com/sitemap-stations-am-38.xml","Sitemap","4/27/2026","Warning","0"
"https://themegaradio.com/sitemap-stations-sw-46.xml","Sitemap","4/28/2026","Warning","0"
"https://themegaradio.com/sitemap-stations-lv-36.xml","Sitemap","4/27/2026","Warning","0"
"https://themegaradio.com/sitemap-stations-lv-27.xml","Sitemap","4/28/2026","Warning","0"
"https://themegaradio.com/sitemap-stations-kn-5.xml","Sitemap","4/28/2026","Warning","0"
"https://themegaradio.com/sitemap-stations-pt-49.xml","Sitemap","4/27/2026","Warning","0"
"https://themegaradio.com/sitemap-stations-bs-1.xml","Sitemap","4/28/2026","Error","0"
"https://themegaradio.com/sitemap-stations-vi-24.xml","Sitemap","4/27/2026","Warning","0"
"https://themegaradio.com/sitemap-stations-ar-51.xml","Sitemap","4/28/2026","Warning","0"
"https://themegaradio.com/sitemap-stations-te-38.xml","Sitemap","4/27/2026","Warning","0"
"https://themegaradio.com/sitemap-stations-vi-42.xml","Sitemap","4/27/2026","Warning","0"
"https://themegaradio.com/sitemap-stations-am-45.xml","Sitemap","4/28/2026","Warning","0"
"https://themegaradio.com/sitemap-stations-sl-12.xml","Sitemap","4/28/2026","Error","0"
"https://themegaradio.com/sitemap-stations-ml-47.xml","Sitemap","4/27/2026","Warning","0"
"https://themegaradio.com/sitemap-stations-en-51.xml","Sitemap","4/28/2026","Warning","0"
"https://themegaradio.com/sitemap-stations-no-44.xml","Sitemap","4/28/2026","Warning","0"
"https://themegaradio.com/sitemap-stations-hy-8.xml","Sitemap","4/28/2026","Warning","0"
"https://themegaradio.com/sitemap-stations-lv-14.xml","Sitemap","4/28/2026","Warning","0"
"https://themegaradio.com/sitemap-stations-lv-10.xml","Sitemap","4/28/2026","Warning","0"
"https://themegaradio.com/sitemap-stations-vi-18.xml","Sitemap","4/28/2026","Warning","0"
"https://themegaradio.com/sitemap-stations-ml-37.xml","Sitemap","4/27/2026","Warning","0"
"https://themegaradio.com/sitemap-stations-vi-20.xml","Sitemap","4/27/2026","Warning","0"
"https://themegaradio.com/sitemap-stations-bn-43.xml","Sitemap","4/28/2026","Warning","0"
"https://themegaradio.com/sitemap-stations-lt-38.xml","Sitemap","4/27/2026","Warning","0"
"https://themegaradio.com/sitemap-stations-sr-13.xml","Sitemap","4/28/2026","Error","0"
"https://themegaradio.com/sitemap-stations-ta-48.xml","Sitemap","4/28/2026","Warning","0"
"https://themegaradio.com/sitemap-stations-pa-45.xml","Sitemap","4/28/2026","Warning","0"
"https://themegaradio.com/sitemap-stations-da-36.xml","Sitemap","4/28/2026","Error","0"
"https://themegaradio.com/sitemap-stations-bs-49.xml","Sitemap","4/28/2026","Warning","0"
"https://themegaradio.com/sitemap-stations-so-36.xml","Sitemap","4/28/2026","Warning","0"
"https://themegaradio.com/sitemap-stations-lt-52.xml","Sitemap","4/28/2026","Warning","0"
"https://themegaradio.com/sitemap-stations-gu-36.xml","Sitemap","4/27/2026","Warning","0"
"https://themegaradio.com/sitemap-stations-kn-31.xml","Sitemap","4/28/2026","Warning","0"
"https://themegaradio.com/sitemap-stations-sq-32.xml","Sitemap","4/28/2026","Warning","0"
"https://themegaradio.com/sitemap-stations-lt-36.xml","Sitemap","4/27/2026","Warning","0"
"https://themegaradio.com/sitemap-stations-nl-52.xml","Sitemap","4/27/2026","Warning","0"
"https://themegaradio.com/sitemap-stations-pa-32.xml","Sitemap","4/28/2026","Warning","0"
"https://themegaradio.com/sitemap-stations-da-18.xml","Sitemap","4/28/2026","Error","0"
"https://themegaradio.com/sitemap-stations-sv-47.xml","Sitemap","4/28/2026","Warning","0"
"https://themegaradio.com/sitemap-stations-pa-40.xml","Sitemap","4/28/2026","Warning","0"
"https://themegaradio.com/sitemap-stations-am-26.xml","Sitemap","4/28/2026","Warning","0"
"https://themegaradio.com/sitemap-stations-kn-40.xml","Sitemap","4/28/2026","Warning","0"
"https://themegaradio.com/sitemap-stations-bg-49.xml","Sitemap","4/28/2026","Warning","0"
"https://themegaradio.com/sitemap-stations-id-32.xml","Sitemap","4/28/2026","Error","0"
"https://themegaradio.com/sitemap-stations-ar-47.xml","Sitemap","4/28/2026","Warning","0"
"https://themegaradio.com/sitemap-stations-bs-46.xml","Sitemap","4/28/2026","Warning","0"
"https://themegaradio.com/sitemap-stations-sl-17.xml","Sitemap","4/28/2026","Warning","0"
"https://themegaradio.com/sitemap-stations-sq-24.xml","Sitemap","4/28/2026","Warning","0"
"https://themegaradio.com/sitemap-stations-hy-43.xml","Sitemap","4/28/2026","Warning","0"
"https://themegaradio.com/sitemap-stations-so-45.xml","Sitemap","4/28/2026","Error","0"
"https://themegaradio.com/sitemap-stations-sw-27.xml","Sitemap","4/28/2026","Error","0"
"https://themegaradio.com/sitemap-stations-ms-48.xml","Sitemap","4/28/2026","Warning","0"
"https://themegaradio.com/sitemap-stations-tl-41.xml","Sitemap","4/28/2026","Warning","0"
"https://themegaradio.com/sitemap-stations-hy-50.xml","Sitemap","4/27/2026","Warning","0"
"https://themegaradio.com/sitemap-stations-lt-33.xml","Sitemap","4/28/2026","Warning","0"
"https://themegaradio.com/sitemap-stations-hy-52.xml","Sitemap","4/28/2026","Warning","0"
"https://themegaradio.com/sitemap-stations-ko-42.xml","Sitemap","4/28/2026","Warning","0"
"https://themegaradio.com/sitemap-stations-sl-45.xml","Sitemap","4/28/2026","Warning","0"
"https://themegaradio.com/sitemap-stations-am-46.xml","Sitemap","4/28/2026","Warning","0"
"https://themegaradio.com/sitemap-stations-et-19.xml","Sitemap","4/28/2026","Warning","0"
"https://themegaradio.com/sitemap-stations-sq-50.xml","Sitemap","4/28/2026","Warning","0"
"https://themegaradio.com/sitemap-stations-ro-49.xml","Sitemap","4/28/2026","Warning","0"
"https://themegaradio.com/sitemap-stations-et-35.xml","Sitemap","4/28/2026","Warning","0"
"https://themegaradio.com/sitemap-stations-lt-49.xml","Sitemap","4/27/2026","Warning","0"
"https://themegaradio.com/sitemap-stations-lv-20.xml","Sitemap","4/28/2026","Warning","0"
"https://themegaradio.com/sitemap-stations-sw-17.xml","Sitemap","4/28/2026","Warning","0"
"https://themegaradio.com/sitemap-stations-az-37.xml","Sitemap","4/28/2026","Warning","0"
"https://themegaradio.com/sitemap-stations-hi-45.xml","Sitemap","4/28/2026","Warning","0"
"https://themegaradio.com/sitemap-stations-hi-44.xml","Sitemap","4/28/2026","Warning","0"
"https://themegaradio.com/sitemap-stations-ml-41.xml","Sitemap","4/27/2026","Warning","0"
"https://themegaradio.com/sitemap-stations-ta-49.xml","Sitemap","4/28/2026","Warning","0"
"https://themegaradio.com/sitemap-stations-az-30.xml","Sitemap","4/28/2026","Warning","0"
"https://themegaradio.com/sitemap-stations-vi-35.xml","Sitemap","4/28/2026","Warning","0"
"https://themegaradio.com/sitemap-stations-lv-43.xml","Sitemap","4/28/2026","Warning","0"
"https://themegaradio.com/sitemap-stations-hu-50.xml","Sitemap","4/27/2026","Warning","0"
"https://themegaradio.com/sitemap-stations-hu-20.xml","Sitemap","4/28/2026","Error","0"
"https://themegaradio.com/sitemap-stations-ru-45.xml","Sitemap","4/28/2026","Warning","0"
"https://themegaradio.com/sitemap-stations-sl-30.xml","Sitemap","4/28/2026","Warning","0"
"https://themegaradio.com/sitemap-stations-tl-45.xml","Sitemap","4/28/2026","Warning","0"
"https://themegaradio.com/sitemap-main-uk.xml","Sitemap","4/28/2026","Error","0"
"https://themegaradio.com/sitemap-stations-sw-5.xml","Sitemap","4/28/2026","Error","0"
"https://themegaradio.com/sitemap-stations-lv-45.xml","Sitemap","4/27/2026","Warning","0"
"https://themegaradio.com/sitemap-stations-gu-40.xml","Sitemap","4/27/2026","Warning","0"
"https://themegaradio.com/sitemap-stations-ko-35.xml","Sitemap","4/28/2026","Warning","0"
"https://themegaradio.com/sitemap-stations-no-3.xml","Sitemap","4/28/2026","Warning","0"
"https://themegaradio.com/sitemap-stations-ro-46.xml","Sitemap","4/28/2026","Warning","0"
"https://themegaradio.com/sitemap-stations-kn-36.xml","Sitemap","4/28/2026","Warning","0"
"https://themegaradio.com/sitemap-stations-ml-49.xml","Sitemap","4/28/2026","Warning","0"
"https://themegaradio.com/sitemap-stations-lv-6.xml","Sitemap","4/28/2026","Warning","0"
"https://themegaradio.com/sitemap-stations-hi-50.xml","Sitemap","4/28/2026","Warning","0"
"https://themegaradio.com/sitemap-stations-am-42.xml","Sitemap","4/28/2026","Warning","0"
"https://themegaradio.com/sitemap-stations-bg-50.xml","Sitemap","4/28/2026","Warning","0"
"https://themegaradio.com/sitemap-stations-ta-41.xml","Sitemap","4/28/2026","Error","0"
"https://themegaradio.com/sitemap-stations-kn-28.xml","Sitemap","4/28/2026","Warning","0"
"https://themegaradio.com/sitemap-stations-nl-47.xml","Sitemap","4/27/2026","Warning","0"
"https://themegaradio.com/sitemap-stations-bn-45.xml","Sitemap","4/28/2026","Warning","0"
"https://themegaradio.com/sitemap-stations-pa-28.xml","Sitemap","4/28/2026","Warning","0"
"https://themegaradio.com/sitemap-stations-cs-51.xml","Sitemap","4/28/2026","Warning","0"
"https://themegaradio.com/sitemap-stations-so-17.xml","Sitemap","4/28/2026","Warning","0"
"https://themegaradio.com/sitemap-stations-kn-38.xml","Sitemap","4/28/2026","Warning","0"
"https://themegaradio.com/sitemap-stations-kn-45.xml","Sitemap","4/28/2026","Warning","0"
"https://themegaradio.com/sitemap-stations-no-48.xml","Sitemap","4/28/2026","Warning","0"
"https://themegaradio.com/sitemap-stations-ml-33.xml","Sitemap","4/27/2026","Warning","0"
"https://themegaradio.com/sitemap-stations-pl-47.xml","Sitemap","4/27/2026","Warning","0"
"https://themegaradio.com/sitemap-stations-bn-40.xml","Sitemap","4/28/2026","Warning","0"
"https://themegaradio.com/sitemap-stations-vi-46.xml","Sitemap","4/27/2026","Warning","0"
"https://themegaradio.com/sitemap-stations-hu-44.xml","Sitemap","4/28/2026","Warning","0"
"https://themegaradio.com/sitemap-stations-id-49.xml","Sitemap","4/28/2026","Warning","0"
"https://themegaradio.com/sitemap-stations-lv-21.xml","Sitemap","4/27/2026","Warning","0"
"https://themegaradio.com/sitemap-stations-sq-47.xml","Sitemap","4/28/2026","Warning","0"
"https://themegaradio.com/sitemap-stations-ro-47.xml","Sitemap","4/28/2026","Warning","0"
"https://themegaradio.com/sitemap-stations-mr-47.xml","Sitemap","4/27/2026","Warning","0"
"https://themegaradio.com/sitemap-stations-ta-40.xml","Sitemap","4/28/2026","Warning","0"
"https://themegaradio.com/sitemap-stations-uk-51.xml","Sitemap","4/28/2026","Warning","0"
"https://themegaradio.com/sitemap-stations-bn-50.xml","Sitemap","4/28/2026","Warning","0"
"https://themegaradio.com/sitemap-stations-ta-39.xml","Sitemap","4/28/2026","Warning","0"
"https://themegaradio.com/sitemap-stations-cs-20.xml","Sitemap","4/28/2026","Warning","0"
"https://themegaradio.com/sitemap-stations-ru-52.xml","Sitemap","4/28/2026","Warning","0"
"https://themegaradio.com/sitemap-stations-ko-40.xml","Sitemap","4/28/2026","Warning","0"
"https://themegaradio.com/sitemap-stations-hy-36.xml","Sitemap","4/28/2026","Warning","0"
"https://themegaradio.com/sitemap-stations-hi-43.xml","Sitemap","4/27/2026","Warning","0"
"https://themegaradio.com/sitemap-stations-sr-44.xml","Sitemap","4/28/2026","Warning","0"
"https://themegaradio.com/sitemap-stations-ms-35.xml","Sitemap","4/28/2026","Warning","0"
"https://themegaradio.com/sitemap-stations-sq-19.xml","Sitemap","4/28/2026","Warning","0"
"https://themegaradio.com/sitemap-stations-tr-45.xml","Sitemap","4/28/2026","Error","0"
"https://themegaradio.com/sitemap-stations-de-52.xml","Sitemap","4/27/2026","Warning","0"
"https://themegaradio.com/sitemap-stations-az-22.xml","Sitemap","4/28/2026","Error","0"
"https://themegaradio.com/sitemap-stations-gu-39.xml","Sitemap","4/27/2026","Warning","0"
"https://themegaradio.com/sitemap-stations-ms-42.xml","Sitemap","4/28/2026","Warning","0"
"https://themegaradio.com/sitemap-stations-sr-37.xml","Sitemap","4/28/2026","Error","0"
"https://themegaradio.com/sitemap-stations-fr-52.xml","Sitemap","4/28/2026","Warning","0"
"https://themegaradio.com/sitemap-stations-ml-3.xml","Sitemap","4/27/2026","Warning","0"
"https://themegaradio.com/sitemap-stations-so-40.xml","Sitemap","4/28/2026","Warning","0"
"https://themegaradio.com/sitemap-stations-da-44.xml","Sitemap","4/27/2026","Warning","0"
"https://themegaradio.com/sitemap-stations-pa-10.xml","Sitemap","4/28/2026","Warning","0"
"https://themegaradio.com/sitemap-stations-tl-26.xml","Sitemap","4/28/2026","Warning","0"
"https://themegaradio.com/sitemap-stations-fi-49.xml","Sitemap","4/28/2026","Warning","0"
"https://themegaradio.com/sitemap-stations-es-47.xml","Sitemap","4/28/2026","Warning","0"
"https://themegaradio.com/sitemap-stations-so-15.xml","Sitemap","4/28/2026","Error","0"
"https://themegaradio.com/sitemap-stations-ko-48.xml","Sitemap","4/28/2026","Warning","0"
"https://themegaradio.com/sitemap-stations-lt-50.xml","Sitemap","4/27/2026","Warning","0"
"https://themegaradio.com/sitemap-stations-hr-44.xml","Sitemap","4/28/2026","Warning","0"
"https://themegaradio.com/sitemap-stations-az-50.xml","Sitemap","4/28/2026","Warning","0"
"https://themegaradio.com/sitemap-stations-so-24.xml","Sitemap","4/28/2026","Warning","0"
"https://themegaradio.com/sitemap-stations-ro-52.xml","Sitemap","4/28/2026","Warning","0"
"https://themegaradio.com/sitemap-stations-hi-38.xml","Sitemap","4/28/2026","Warning","0"
"https://themegaradio.com/sitemap-stations-az-32.xml","Sitemap","4/28/2026","Warning","0"
"https://themegaradio.com/sitemap-stations-hr-48.xml","Sitemap","4/27/2026","Warning","0"
"https://themegaradio.com/sitemap-stations-pa-48.xml","Sitemap","4/28/2026","Warning","0"
"https://themegaradio.com/sitemap-stations-so-42.xml","Sitemap","4/28/2026","Warning","0"
"https://themegaradio.com/sitemap-stations-ur-40.xml","Sitemap","4/28/2026","Warning","0"
"https://themegaradio.com/sitemap-stations-tl-32.xml","Sitemap","4/28/2026","Warning","0"
"https://themegaradio.com/sitemap-stations-lv-26.xml","Sitemap","4/28/2026","Warning","0"
"https://themegaradio.com/sitemap-stations-vi-25.xml","Sitemap","4/27/2026","Warning","0"
"https://themegaradio.com/sitemap-stations-so-8.xml","Sitemap","4/28/2026","Warning","0"
"https://themegaradio.com/sitemap-stations-hi-48.xml","Sitemap","4/28/2026","Warning","0"
"https://themegaradio.com/sitemap-stations-vi-33.xml","Sitemap","4/27/2026","Warning","0"
"https://themegaradio.com/sitemap-stations-pa-16.xml","Sitemap","4/28/2026","Warning","0"
"https://themegaradio.com/sitemap-stations-hy-31.xml","Sitemap","4/28/2026","Warning","0"
"https://themegaradio.com/sitemap-stations-so-27.xml","Sitemap","4/28/2026","Warning","0"
"https://themegaradio.com/sitemap-stations-ko-49.xml","Sitemap","4/28/2026","Warning","0"
"https://themegaradio.com/sitemap-stations-ko-46.xml","Sitemap","4/28/2026","Error","0"
"https://themegaradio.com/sitemap-stations-sv-44.xml","Sitemap","4/28/2026","Warning","0"
"https://themegaradio.com/sitemap-stations-bn-39.xml","Sitemap","4/28/2026","Warning","0"
"https://themegaradio.com/sitemap-stations-az-23.xml","Sitemap","4/28/2026","Warning","0"
"https://themegaradio.com/sitemap-stations-ur-43.xml","Sitemap","4/28/2026","Warning","0"
"https://themegaradio.com/sitemap-stations-hy-22.xml","Sitemap","4/28/2026","Warning","0"
"https://themegaradio.com/sitemap-stations-bg-42.xml","Sitemap","4/28/2026","Warning","0"
"https://themegaradio.com/sitemap-stations-lv-50.xml","Sitemap","4/28/2026","Warning","0"
"https://themegaradio.com/sitemap-stations-gu-49.xml","Sitemap","4/28/2026","Warning","0"
"https://themegaradio.com/sitemap-stations-lv-28.xml","Sitemap","4/28/2026","Warning","0"
"https://themegaradio.com/sitemap-stations-nl-50.xml","Sitemap","4/28/2026","Warning","0"
"https://themegaradio.com/sitemap-stations-ru-51.xml","Sitemap","4/28/2026","Warning","0"
"https://themegaradio.com/sitemap-stations-ar-28.xml","Sitemap","4/28/2026","Error","0"
"https://themegaradio.com/sitemap-stations-hy-18.xml","Sitemap","4/28/2026","Warning","0"
"https://themegaradio.com/sitemap-stations-da-48.xml","Sitemap","4/28/2026","Warning","0"
"https://themegaradio.com/sitemap-stations-hy-16.xml","Sitemap","4/28/2026","Error","0"
"https://themegaradio.com/sitemap-stations-pa-8.xml","Sitemap","4/28/2026","Warning","0"
"https://themegaradio.com/sitemap-stations-lv-11.xml","Sitemap","4/28/2026","Warning","0"
"https://themegaradio.com/sitemap-stations-sw-45.xml","Sitemap","4/28/2026","Error","0"
"https://themegaradio.com/sitemap-stations-sw-48.xml","Sitemap","4/28/2026","Warning","0"
"https://themegaradio.com/sitemap-stations-sw-43.xml","Sitemap","4/28/2026","Warning","0"
"https://themegaradio.com/sitemap-stations-lt-31.xml","Sitemap","4/28/2026","Warning","0"
"https://themegaradio.com/sitemap-stations-mr-51.xml","Sitemap","4/28/2026","Warning","0"
"https://themegaradio.com/sitemap-stations-sq-52.xml","Sitemap","4/28/2026","Warning","0"
"https://themegaradio.com/sitemap-stations-sr-46.xml","Sitemap","4/28/2026","Error","0"
"https://themegaradio.com/sitemap-stations-ko-50.xml","Sitemap","4/28/2026","Warning","0"
"https://themegaradio.com/sitemap-stations-vi-32.xml","Sitemap","4/27/2026","Warning","0"
"https://themegaradio.com/sitemap-stations-da-31.xml","Sitemap","4/27/2026","Error","0"
"https://themegaradio.com/sitemap-stations-ml-1.xml","Sitemap","4/27/2026","Warning","0"
"https://themegaradio.com/sitemap-stations-hr-46.xml","Sitemap","4/28/2026","Warning","0"
"https://themegaradio.com/sitemap-stations-az-27.xml","Sitemap","4/28/2026","Warning","0"
"https://themegaradio.com/sitemap-stations-sq-35.xml","Sitemap","4/28/2026","Warning","0"
"https://themegaradio.com/sitemap-stations-it-3.xml","Sitemap","4/28/2026","Error","0"
"https://themegaradio.com/sitemap-stations-no-46.xml","Sitemap","4/28/2026","Warning","0"
"https://themegaradio.com/sitemap-stations-az-49.xml","Sitemap","4/28/2026","Warning","0"
"https://themegaradio.com/sitemap-stations-zh-48.xml","Sitemap","4/28/2026","Warning","0"
"https://themegaradio.com/sitemap-stations-hy-6.xml","Sitemap","4/28/2026","Warning","0"
"https://themegaradio.com/sitemap-stations-id-47.xml","Sitemap","4/28/2026","Warning","0"
"https://themegaradio.com/sitemap-stations-mr-42.xml","Sitemap","4/28/2026","Warning","0"
"https://themegaradio.com/sitemap-stations-gu-50.xml","Sitemap","4/28/2026","Warning","0"
"https://themegaradio.com/sitemap-stations-pt-45.xml","Sitemap","4/27/2026","Warning","0"
"https://themegaradio.com/sitemap-stations-so-9.xml","Sitemap","4/28/2026","Warning","0"
"https://themegaradio.com/sitemap-stations-kn-9.xml","Sitemap","4/28/2026","Error","0"
"https://themegaradio.com/sitemap-stations-vi-8.xml","Sitemap","4/27/2026","Warning","0"
"https://themegaradio.com/sitemap-stations-bs-38.xml","Sitemap","4/28/2026","Warning","0"
"https://themegaradio.com/sitemap-stations-kn-1.xml","Sitemap","4/28/2026","Warning","0"
"https://themegaradio.com/sitemap-stations-sk-46.xml","Sitemap","4/28/2026","Warning","0"
"https://themegaradio.com/sitemap-stations-am-31.xml","Sitemap","4/28/2026","Warning","0"
"https://themegaradio.com/sitemap-stations-lv-32.xml","Sitemap","4/28/2026","Warning","0"
"https://themegaradio.com/sitemap-stations-hy-5.xml","Sitemap","4/28/2026","Warning","0"
"https://themegaradio.com/sitemap-stations-no-49.xml","Sitemap","4/28/2026","Warning","0"
"https://themegaradio.com/sitemap-stations-ko-18.xml","Sitemap","4/28/2026","Error","0"
"https://themegaradio.com/sitemap-stations-tr-49.xml","Sitemap","4/28/2026","Warning","0"
"https://themegaradio.com/sitemap-stations-bn-36.xml","Sitemap","4/28/2026","Warning","0"
"https://themegaradio.com/sitemap-stations-es-46.xml","Sitemap","4/28/2026","Warning","0"
"https://themegaradio.com/sitemap-stations-sw-47.xml","Sitemap","4/28/2026","Warning","0"
"https://themegaradio.com/sitemap-stations-kn-23.xml","Sitemap","4/28/2026","Warning","0"
"https://themegaradio.com/sitemap-stations-hi-40.xml","Sitemap","4/28/2026","Warning","0"
"https://themegaradio.com/sitemap-stations-ur-50.xml","Sitemap","4/28/2026","Warning","0"
"https://themegaradio.com/sitemap-stations-it-38.xml","Sitemap","4/28/2026","Error","0"
"https://themegaradio.com/sitemap-stations-sv-49.xml","Sitemap","4/28/2026","Warning","0"
"https://themegaradio.com/sitemap-stations-pt-48.xml","Sitemap","4/28/2026","Warning","0"
"https://themegaradio.com/sitemap-stations-te-42.xml","Sitemap","4/27/2026","Warning","0"
"https://themegaradio.com/sitemap-stations-uk-43.xml","Sitemap","4/28/2026","Warning","0"
"https://themegaradio.com/sitemap-stations-sq-29.xml","Sitemap","4/28/2026","Warning","0"
"https://themegaradio.com/sitemap-stations-mr-36.xml","Sitemap","4/28/2026","Warning","0"
"https://themegaradio.com/sitemap-stations-so-49.xml","Sitemap","4/28/2026","Warning","0"
"https://themegaradio.com/sitemap-stations-sl-52.xml","Sitemap","4/28/2026","Warning","0"
"https://themegaradio.com/sitemap-stations-fr-30.xml","Sitemap","4/28/2026","Error","0"
